stage1 ok
stage2 ok
a20 ok
e820 ok
kernel loaded ok
boot volume loaded ok
protected mode ok
paging ok
long mode ok
hello from os64 kernel
tss_rsp0=0x00000000001213D0
tss_ist1=0x00000000001233D0
tss_task_register=0x0000000000000028
tss_io_map_base=104
tss ok
idt ok
boot info ok
e820[0] base=0x0000000000000000 length=0x000000000009FC00 raw_type=0x0000000000000001 kind=usable
e820[1] base=0x000000000009FC00 length=0x0000000000000400 raw_type=0x0000000000000002 kind=reserved
e820[2] base=0x00000000000F0000 length=0x0000000000010000 raw_type=0x0000000000000002 kind=reserved
e820[3] base=0x0000000000100000 length=0x0000000007EE0000 raw_type=0x0000000000000001 kind=usable
e820[4] base=0x0000000007FE0000 length=0x0000000000020000 raw_type=0x0000000000000002 kind=reserved
e820[5] base=0x00000000FFFC0000 length=0x0000000000040000 raw_type=0x0000000000000002 kind=reserved
e820[6] base=0x000000FD00000000 length=0x0000000300000000 raw_type=0x0000000000000002 kind=reserved
e820 parse ok
direct_map_physical_limit=268435456
direct map ok
nx_enabled=1
direct_map_high_page_phys=0x0000000002000000
direct map high page ok
allocator_range[0] start=0x0000000000160000 end=0x0000000000170000
allocator_range[1] start=0x0000000000180000 end=0x0000000007FE0000
alloc_page_0=0x0000000000162000
alloc_page_1=0x0000000000163000
alloc_page_2=0x0000000000164000
free_pages_remaining=32363
page allocator ok
mapped_test_page=0x0000000000165000
mapped_virtual=0x0000000000200000
read_back_value=0x1122334455667788
map_page ok
address_space_kernel_root=0x0000000000001000
address_space_user_root=0x0000000000167000
address_space_user_base=0x0000000000400000
address_space_user_stack_top=0x0000000000800000
address_space_user_page_phys=0x000000000016D000
address_space_user_page_virt=0x0000000000400000
address_space_user_lookup=0x000000000016D000
address_space_mapped_user_pages=1
address_space ok
addr space ok
heap init ok
heap_small=0x0000000001000020
heap_large=0x0000000001001000
heap_large_page_aligned=1
heap_cross_page_value=0xFEDCBA9876543210
heap_reuse=0x0000000001000020
heap_coalesced=0x0000000001000060
heap_used_bytes=7056
heap_mapped_bytes=16384
heap_free_bytes=9232
heap alloc ok
kernel_memory_page_allocator=0x0000000000100018
kernel_memory_heap=0x0000000000104128
kmalloc_block=0x0000000001000480
kcalloc_block=0x00000000010004D0
kcalloc_zero_words=4
kobject_ptr=0x0000000001000510
kobject_sum=0x2222222222222222
kobject_aligned_ptr=0x0000000001000580
kobject_alignment=64
kobject_ctor_count=2
kobject_dtor_count=2
kernel_memory_active_before=3
kernel_memory_active_after=3
kernel memory ok
boot_volume_ptr=0x0000000000080000
boot_volume_start_lba=568
boot_volume_sector_count=128
boot_volume_sector_size=512
block_device_total_bytes=65536
block_device_sector0_prefix=0x335653463436534F
boot volume ok
os64fs_mount ok
os64fs_lookup ok
os64fs_text ok
os64fs_big_read ok
os64fs_signature=OS64FSV3
os64fs_volume_name=os64-root
os64fs_inode_count=32
os64fs_data_block_size=512
os64fs_inode_bitmap_sectors=1
os64fs_data_bitmap_sectors=1
os64fs_inode_used=8
os64fs_inode_free=23
os64fs_data_blocks=121
os64fs_data_used=19
os64fs_data_free=102
os64fs_root_entries=3
os64fs_docs_entries=4
os64fs_parent_lookup_inode=3
os64fs_hello_inode=6
os64fs_hello_elf_inode=7
os64fs_big_inode=8
os64fs_readme=os64fs readme: the 64-bit kernel now mounts a real read-only filesystem.
os64fs_guide=os64fs guide: stage2 only preloads raw sectors. the block device layer turns that memory into sector reads, and the filesystem layer resolves paths like docs/guide.txt inside the 64-bit kernel.
os64fs_big_markers=AHIJ
file_open ok
file_read_total=72
file_eof_read=0
file_stat_inode=5
file_layer ok
directory_open ok
directory_root_entries=3
directory_read_count=3
directory_rewind_index=0
directory_docs_first_inode=5
directory_docs_second_inode=6
directory_docs_third_inode=7
directory_docs_fourth_inode=8
directory_layer ok
vfs_mount ok
vfs_stat_inode=5
vfs_file_read_total=72
vfs_directory_entries=3
vfs_directory_first_inode=2
vfs_layer ok
fd_table ok
fd_open=0
fd_read_total=72
fd_eof_read=0
fd_open_count=0
fd_layer ok
syscall_context ok
sys_cwd=/
sys_root_entries=3
sys_cwd_after_cd=/docs
sys_listdir_count=4
sys_path_stat_inode=5
sys_write_stdout_payload=hello sys_write
sys_write_stderr_payload=error sys_write
sys_open=3
sys_stat_inode=5
sys_write_stdout_bytes=16
sys_write_stderr_bytes=16
sys_write_file_status=-6
sys_write_bad_fd=-4
sys_read_total=193
sys_eof_read=0
sys_open_count=0
syscall_layer ok
int80_cwd=/
int80_cwd_after_cd=/docs
int80_listdir_count=4
int80_path_stat_inode=5
int80_write_stdout_payload=hello int80_write
int80_write_stderr_payload=error int80_write
int80_open=3
int80_fd_stat_inode=5
int80_write_stdout_bytes=18
int80_write_stderr_bytes=18
int80_write_file_status=-6
int80_write_bad_fd=-4
int80_read_total=193
int80_eof_read=0
int80_open_count=0
int80_bad_result=0xFFFFFFFFFFFFFFFF
int80_syscall ok
user_mode_root=0x0000000000168000
user_mode_code_phys=0x000000000016F000
user_mode_stack_phys=0x0000000000181000
user_mode_entry=0x0000000000400000
user_mode_stack_top=0x0000000000800000
user_mode_program_size=445
user_mode_message=hello from ring3 via int80
user_mode_cwd=/
user_mode_readme_prefix=os64fs readme
user_mode_return_cs=0x0000000000000043
user_mode_return_cpl=3
user_mode_return_flags=0x0000000000000003
user mode ok
user_file_program_path=/docs/hello.bin
user_file_program_inode=6
user_file_program_root=0x0000000000168000
user_file_program_code_phys=0x000000000016F000
user_file_program_stack_phys=0x0000000000181000
user_file_program_entry=0x0000000000400000
user_file_program_stack_top=0x0000000000800000
user_file_program_size=87
user_file_program=hello from fs
user_file_program_return_cs=0x0000000000000043
user_file_program_return_cpl=3
user_file_program_return_flags=0x0000000000000020
user_file_program ok
user_elf_program_path=/docs/hello.elf
user_elf_program_inode=7
user_elf_program_root=0x0000000000168000
user_elf_program_first_page_phys=0x000000000016F000
user_elf_program_stack_phys=0x0000000000182000
user_elf_program_entry=0x00000000004000B0
user_elf_program_stack_top=0x0000000000800000
user_elf_program_file_size=656
user_elf_program_segment_count=2
user_elf_program_segment_vaddr=0x0000000000400000
user_elf_program_segment_offset=0x0000000000000000
user_elf_program_segment_filesz=267
user_elf_program_segment_memsz=267
user_elf_program_segment_flags=0x0000000000000005
user_elf_program_page_count=2
user_elf_program=hello from elf
user_elf_program_return_cs=0x0000000000000043
user_elf_program_return_cpl=3
user_elf_program_return_flags=0x0000000000000040
user_elf_program ok
filesystem ok
pic ok
pit ok
pit_frequency_hz=100
timer_tick=10
timer_tick=20
timer_wait_elapsed_ticks=3
timer_sleep_ms=50
timer_sleep_elapsed_ticks=5
timer ok
scheduler_elf_pid=1
scheduler_elf_tid=1
scheduler_elf_path=/docs/hello.elf
scheduler_elf_inode=7
scheduler_elf_root=0x0000000000169000
scheduler_elf_first_page_phys=0x0000000000181000
scheduler_elf_stack_phys=0x0000000000194000
scheduler_elf_entry=0x00000000004000B0
scheduler_elf_stack_top=0x0000000000800000
scheduler_elf_file_size=656
scheduler_elf_segment_count=2
scheduler_elf_segment_vaddr=0x0000000000400000
scheduler_elf_page_count=2
user_elf_program=hello from elf
scheduler_elf_return_cs=0x0000000000000043
scheduler_elf_return_cpl=3
scheduler_elf_return_flags=0x0000000000000040
scheduler_elf_process_cwd=/
scheduler_elf_open_count=0
scheduler_elf_tss_rsp0=0x00000000010147D0
scheduler_elf_process_state=exited
scheduler_elf_thread_state=finished
scheduler_elf_thread ok
sched_priority_pid=1
sched_priority_high_tid=1
sched_priority_normal_a_tid=2
sched_priority_normal_b_tid=3
sched_priority_background_tid=4
sched_sleep_pid=2
sched_sleep_thread_a_tid=5
sched_sleep_thread_b_tid=6
sched_block_pid=3
sched_block_waiter_tid=7
sched_block_waker_tid=8
sched_priority_trace=HABABC
sched_sleep_trace=ABAB
sched_block_trace=BWb
sched_priority_process_state=exited
sched_sleep_process_state=exited
sched_block_process_state=exited
sched_idle_priority=idle
sched_idle_dispatches=2
sched_total_ticks=8
sched_total_switches=20
sched_total_yields=5
sched_preempt_requests=6
sched_sleeping_after=0
sched_blocked_after=0
sched_ready_after=0
sched_live_after=0
scheduler ok
scheduler ok
keyboard init ok
keyboard irq1 enabled
keyboard_inject[0]=0x000000000000001E
keyboard_inject[1]=0x000000000000009E
keyboard_inject[2]=0x0000000000000030
keyboard_inject[3]=0x0000000000000002
keyboard_inject[4]=0x0000000000000039
keyboard_inject[5]=0x000000000000001C
keyboard_inject[6]=0x000000000000000E
keyboard_irq_count=7
keyboard_last_scancode=0x000000000000000E
keyboard_char_count=6
keyboard_char_0=0x0000000000000061
keyboard_char_1=0x0000000000000062
keyboard_char_2=0x0000000000000031
keyboard_char_3=0x0000000000000020
keyboard_char_4=0x000000000000000A
keyboard_char_5=0x0000000000000008
keyboard_buffer_remaining=0
keyboard_dropped_chars=0
stdin_block_pid=4
stdin_block_reader_tid=9
stdin_block_injector_tid=10
stdin_block_read=1
stdin_block_char=0x0000000000000061
stdin_block_buffer_remaining=0
stdin_inject[0]=0x00000000000000E0
stdin_inject[1]=0x0000000000000048
stdin_inject[2]=0x0000000000000018
stdin_inject[3]=0x0000000000000025
stdin_inject[4]=0x000000000000001C
stdin_sys_read=3
stdin_sys_empty=0
stdin_int80_inject[0]=0x00000000000000E0
stdin_int80_inject[1]=0x000000000000004B
stdin_int80_inject[2]=0x0000000000000017
stdin_int80_inject[3]=0x0000000000000013
stdin_int80_inject[4]=0x000000000000001C
stdin_int80_read=3
stdin_int80_empty=0
stdin_buffer_remaining=0
stdin_dropped_chars=0
stdin_syscall ok
keyboard ok
console_inject[0]=0x0000000000000018
console_inject[1]=0x000000000000001F
console_inject[2]=0x0000000000000039
console_inject[3]=0x0000000000000007
console_inject[4]=0x0000000000000006
console_inject[5]=0x000000000000000E
console_inject[6]=0x0000000000000005
console_inject[7]=0x000000000000001C
console_line_length=5
console_line=os 64
console_buffer_remaining=0
console input ok
shell_inject[0]=0x0000000000000023
shell_inject[1]=0x0000000000000012
shell_inject[2]=0x0000000000000026
shell_inject[3]=0x0000000000000019
shell_inject[4]=0x000000000000001C
os64 % commands:
help  - list commands
mem   - show free physical pages
ticks - show timer tick count
heap  - show kernel heap stats
disk  - show raw boot block device info
pwd   - show current directory
cd    - change current directory
ls    - list directory entries
cat   - print file contents
stat  - show inode metadata
touch - create an empty file
mkdir - create a directory
write - replace a file with text
append - append text to a file
rm    - remove a file or empty dir
sync  - flush filesystem metadata
run <path> [args] - run a user ELF and wait for exit
ps    - show processes and threads
reboot / shutdown - sync disk and restart / stop
irq   - show timer/keyboard irq stats
bootinfo - show boot handoff info
e820  - show boot memory map
smp   - show online CPUs and per-CPU user work
cpu   - show cpuid summary
uptime - show tick-based uptime
echo  - print text back
history - show recent commands
clear - clear console area
commands: /bin PATH lookup; quotes; | < > >> 2> ; && || &
jobs / wait - list / join background pipelines
dmesg / logsave PATH - inspect / save the bounded kernel log
perf - CPU, memory and scheduler counters
net / ping IPv4 - network counters / ICMP echo
shell_line=help
shell_line_length=4
shell_result=executed
shell_inject[0]=0x0000000000000032
shell_inject[1]=0x0000000000000012
shell_inject[2]=0x0000000000000032
shell_inject[3]=0x000000000000001C
os64 % mem_free_pages=31335
mem_free_bytes=128348160
shell_line=mem
shell_line_length=3
shell_result=executed
shell_inject[0]=0x0000000000000014
shell_inject[1]=0x0000000000000017
shell_inject[2]=0x000000000000002E
shell_inject[3]=0x0000000000000025
shell_inject[4]=0x000000000000001F
shell_inject[5]=0x000000000000001C
os64 % ticks_current=40
shell_line=ticks
shell_line_length=5
shell_result=executed
shell_inject[0]=0x0000000000000023
shell_inject[1]=0x0000000000000012
shell_inject[2]=0x000000000000001E
shell_inject[3]=0x0000000000000019
shell_inject[4]=0x000000000000001C
os64 % heap_used_bytes=160160
heap_mapped_bytes=4194304
heap_free_bytes=4033600
heap_active_allocations=17
heap_total_allocations=36
heap_failed_allocations=0
shell_line=heap
shell_line_length=4
shell_result=executed
shell_inject[0]=0x0000000000000020
shell_inject[1]=0x0000000000000017
shell_inject[2]=0x000000000000001F
shell_inject[3]=0x0000000000000025
shell_inject[4]=0x000000000000001C
os64 % disk_start_lba=568
disk_sector_count=128
disk_sector_size=512
disk_total_bytes=65536
disk_fs_version=3
disk_inode_bitmap_sectors=1
disk_data_bitmap_sectors=1
disk_inode_total=31
disk_inode_used=8
disk_inode_free=23
disk_data_blocks=121
disk_data_used=19
disk_data_free=102
shell_line=disk
shell_line_length=4
shell_result=executed
shell_inject[0]=0x0000000000000026
shell_inject[1]=0x000000000000001F
shell_inject[2]=0x000000000000001C
os64 % ls_path=/
ls_resolved_path=/
ls_entry_count=3
ls[0]=file readme.txt size=72
ls[1]=file notes.txt size=73
ls[2]=dir docs size=256
shell_line=ls
shell_line_length=2
shell_result=executed
shell_inject[0]=0x0000000000000026
shell_inject[1]=0x000000000000001F
shell_inject[2]=0x0000000000000039
shell_inject[3]=0x0000000000000020
shell_inject[4]=0x0000000000000018
shell_inject[5]=0x000000000000002E
shell_inject[6]=0x000000000000001F
shell_inject[7]=0x000000000000001C
os64 % ls_path=docs
ls_resolved_path=/docs
ls_entry_count=4
ls[0]=file guide.txt size=193
ls[1]=file hello.bin size=87
ls[2]=file hello.elf size=656
ls[3]=file big.txt size=5120
shell_line=ls docs
shell_line_length=7
shell_result=executed
shell_inject[0]=0x000000000000002E
shell_inject[1]=0x000000000000001E
shell_inject[2]=0x0000000000000014
shell_inject[3]=0x0000000000000039
shell_inject[4]=0x0000000000000013
shell_inject[5]=0x0000000000000012
shell_inject[6]=0x000000000000001E
shell_inject[7]=0x0000000000000020
shell_inject[8]=0x0000000000000032
shell_inject[9]=0x0000000000000012
shell_inject[10]=0x0000000000000034
shell_inject[11]=0x0000000000000014
shell_inject[12]=0x000000000000002D
shell_inject[13]=0x0000000000000014
shell_inject[14]=0x000000000000001C
os64 % cat_path=readme.txt
cat_resolved_path=/readme.txt
cat_size=72
os64fs readme: the 64-bit kernel now mounts a real read-only filesystem.
shell_line=cat readme.txt
shell_line_length=14
shell_result=executed
shell_inject[0]=0x000000000000002E
shell_inject[1]=0x000000000000001E
shell_inject[2]=0x0000000000000014
shell_inject[3]=0x0000000000000039
shell_inject[4]=0x0000000000000035
shell_inject[5]=0x0000000000000020
shell_inject[6]=0x0000000000000018
shell_inject[7]=0x000000000000002E
shell_inject[8]=0x000000000000001F
shell_inject[9]=0x0000000000000035
shell_inject[10]=0x0000000000000022
shell_inject[11]=0x0000000000000016
shell_inject[12]=0x0000000000000017
shell_inject[13]=0x0000000000000020
shell_inject[14]=0x0000000000000012
shell_inject[15]=0x0000000000000034
shell_inject[16]=0x0000000000000014
shell_inject[17]=0x000000000000002D
shell_inject[18]=0x0000000000000014
shell_inject[19]=0x000000000000001C
os64 % cat_path=/docs/guide.txt
cat_resolved_path=/docs/guide.txt
cat_size=193
os64fs guide: stage2 only preloads raw sectors. the block device layer turns that memory into sector reads, and the filesystem layer resolves paths like docs/guide.txt inside the 64-bit kernel.
shell_line=cat /docs/guide.txt
shell_line_length=19
shell_result=executed
shell_inject[0]=0x000000000000001F
shell_inject[1]=0x0000000000000014
shell_inject[2]=0x000000000000001E
shell_inject[3]=0x0000000000000014
shell_inject[4]=0x0000000000000039
shell_inject[5]=0x0000000000000020
shell_inject[6]=0x0000000000000018
shell_inject[7]=0x000000000000002E
shell_inject[8]=0x000000000000001F
shell_inject[9]=0x0000000000000035
shell_inject[10]=0x0000000000000022
shell_inject[11]=0x0000000000000016
shell_inject[12]=0x0000000000000017
shell_inject[13]=0x0000000000000020
shell_inject[14]=0x0000000000000012
shell_inject[15]=0x0000000000000034
shell_inject[16]=0x0000000000000014
shell_inject[17]=0x000000000000002D
shell_inject[18]=0x0000000000000014
shell_inject[19]=0x000000000000001C
os64 % stat_path=docs/guide.txt
stat_resolved_path=/docs/guide.txt
stat_inode=5
stat_type=file
stat_size=193
stat_links=1
stat_blocks=1
stat_mode=420
stat_block_0=4
shell_line=stat docs/guide.txt
shell_line_length=19
shell_result=executed
shell_inject[0]=0x000000000000001F
shell_inject[1]=0x0000000000000014
shell_inject[2]=0x000000000000001E
shell_inject[3]=0x0000000000000014
shell_inject[4]=0x0000000000000039
shell_inject[5]=0x0000000000000020
shell_inject[6]=0x0000000000000018
shell_inject[7]=0x000000000000002E
shell_inject[8]=0x000000000000001F
shell_inject[9]=0x0000000000000035
shell_inject[10]=0x0000000000000034
shell_inject[11]=0x0000000000000034
shell_inject[12]=0x0000000000000035
shell_inject[13]=0x0000000000000031
shell_inject[14]=0x0000000000000018
shell_inject[15]=0x0000000000000014
shell_inject[16]=0x0000000000000012
shell_inject[17]=0x000000000000001F
shell_inject[18]=0x0000000000000034
shell_inject[19]=0x0000000000000014
shell_inject[20]=0x000000000000002D
shell_inject[21]=0x0000000000000014
shell_inject[22]=0x000000000000001C
os64 % stat_path=docs/../notes.txt
stat_resolved_path=/notes.txt
stat_inode=3
stat_type=file
stat_size=73
stat_links=1
stat_blocks=1
stat_mode=420
stat_block_0=2
shell_line=stat docs/../notes.txt
shell_line_length=22
shell_result=executed
shell_inject[0]=0x0000000000000019
shell_inject[1]=0x0000000000000011
shell_inject[2]=0x0000000000000020
shell_inject[3]=0x000000000000001C
os64 % pwd_path=/
shell_line=pwd
shell_line_length=3
shell_result=executed
shell_inject[0]=0x000000000000002E
shell_inject[1]=0x0000000000000020
shell_inject[2]=0x0000000000000039
shell_inject[3]=0x0000000000000020
shell_inject[4]=0x0000000000000018
shell_inject[5]=0x000000000000002E
shell_inject[6]=0x000000000000001F
shell_inject[7]=0x000000000000001C
os64 % cwd_path=/docs
shell_line=cd docs
shell_line_length=7
shell_result=executed
shell_inject[0]=0x0000000000000019
shell_inject[1]=0x0000000000000011
shell_inject[2]=0x0000000000000020
shell_inject[3]=0x000000000000001C
os64 % pwd_path=/docs
shell_line=pwd
shell_line_length=3
shell_result=executed
shell_inject[0]=0x0000000000000026
shell_inject[1]=0x000000000000001F
shell_inject[2]=0x000000000000001C
os64 % ls_path=/docs
ls_resolved_path=/docs
ls_entry_count=4
ls[0]=file guide.txt size=193
ls[1]=file hello.bin size=87
ls[2]=file hello.elf size=656
ls[3]=file big.txt size=5120
shell_line=ls
shell_line_length=2
shell_result=executed
shell_inject[0]=0x000000000000002E
shell_inject[1]=0x000000000000001E
shell_inject[2]=0x0000000000000014
shell_inject[3]=0x0000000000000039
shell_inject[4]=0x0000000000000022
shell_inject[5]=0x0000000000000016
shell_inject[6]=0x0000000000000017
shell_inject[7]=0x0000000000000020
shell_inject[8]=0x0000000000000012
shell_inject[9]=0x0000000000000034
shell_inject[10]=0x0000000000000014
shell_inject[11]=0x000000000000002D
shell_inject[12]=0x0000000000000014
shell_inject[13]=0x000000000000001C
os64 % cat_path=guide.txt
cat_resolved_path=/docs/guide.txt
cat_size=193
os64fs guide: stage2 only preloads raw sectors. the block device layer turns that memory into sector reads, and the filesystem layer resolves paths like docs/guide.txt inside the 64-bit kernel.
shell_line=cat guide.txt
shell_line_length=13
shell_result=executed
shell_inject[0]=0x0000000000000013
shell_inject[1]=0x0000000000000016
shell_inject[2]=0x0000000000000031
shell_inject[3]=0x0000000000000039
shell_inject[4]=0x0000000000000023
shell_inject[5]=0x0000000000000012
shell_inject[6]=0x0000000000000026
shell_inject[7]=0x0000000000000026
shell_inject[8]=0x0000000000000018
shell_inject[9]=0x0000000000000034
shell_inject[10]=0x0000000000000012
shell_inject[11]=0x0000000000000026
shell_inject[12]=0x0000000000000021
shell_inject[13]=0x000000000000001C
os64 % run_path=hello.elf
run_resolved_path=/docs/hello.elf
run_inode=7
run_pid=1
run_tid=1
run_entry=0x00000000004000B0
run_stack_top=0x0000000000800000
run_segment_count=2
run_page_count=2
run_return_flags=0x0000000000000040
run_process_state=exited
run_thread_state=finished
run_exit_code=4194371
shell_line=run hello.elf
shell_line_length=13
shell_result=executed
shell_inject[0]=0x0000000000000017
shell_inject[1]=0x0000000000000013
shell_inject[2]=0x0000000000000010
shell_inject[3]=0x000000000000001C
os64 % irq_timer_ticks=54
irq_timer_frequency_hz=100
irq_keyboard_count=191
irq_keyboard_buffered_chars=0
irq_keyboard_dropped_chars=0
shell_line=irq
shell_line_length=3
shell_result=executed
shell_inject[0]=0x0000000000000030
shell_inject[1]=0x0000000000000018
shell_inject[2]=0x0000000000000018
shell_inject[3]=0x0000000000000014
shell_inject[4]=0x0000000000000017
shell_inject[5]=0x0000000000000031
shell_inject[6]=0x0000000000000021
shell_inject[7]=0x0000000000000018
shell_inject[8]=0x000000000000001C
os64 % bootinfo_magic=0x000000003436534F
bootinfo_memory_map_count=7
bootinfo_memory_map_entry_size=24
bootinfo_memory_map_ptr=0x00000000000080BA
bootinfo_boot_volume_ptr=0x0000000000080000
bootinfo_boot_volume_start_lba=568
bootinfo_boot_volume_sector_count=128
bootinfo_boot_volume_sector_size=512
shell_line=bootinfo
shell_line_length=8
shell_result=executed
shell_inject[0]=0x0000000000000012
shell_inject[1]=0x0000000000000009
shell_inject[2]=0x0000000000000003
shell_inject[3]=0x000000000000000B
shell_inject[4]=0x000000000000001C
os64 % e820_count=7
e820_shell[0] base=0x0000000000000000 length=0x000000000009FC00 raw_type=0x0000000000000001 kind=usable
e820_shell[1] base=0x000000000009FC00 length=0x0000000000000400 raw_type=0x0000000000000002 kind=reserved
e820_shell[2] base=0x00000000000F0000 length=0x0000000000010000 raw_type=0x0000000000000002 kind=reserved
e820_shell[3] base=0x0000000000100000 length=0x0000000007EE0000 raw_type=0x0000000000000001 kind=usable
e820_shell[4] base=0x0000000007FE0000 length=0x0000000000020000 raw_type=0x0000000000000002 kind=reserved
e820_shell[5] base=0x00000000FFFC0000 length=0x0000000000040000 raw_type=0x0000000000000002 kind=reserved
e820_shell[6] base=0x000000FD00000000 length=0x0000000300000000 raw_type=0x0000000000000002 kind=reserved
shell_line=e820
shell_line_length=4
shell_result=executed
shell_inject[0]=0x000000000000002E
shell_inject[1]=0x0000000000000019
shell_inject[2]=0x0000000000000016
shell_inject[3]=0x000000000000001C
os64 % cpu_vendor=AuthenticAMD
cpu_max_basic_leaf=0x000000000000000D
cpu_max_extended_leaf=0x000000008000000A
cpu_long_mode=1
shell_line=cpu
shell_line_length=3
shell_result=executed
shell_inject[0]=0x000000000000002D
shell_inject[1]=0x0000000000000012
shell_inject[2]=0x000000000000002E
shell_inject[3]=0x0000000000000023
shell_inject[4]=0x0000000000000018
shell_inject[5]=0x0000000000000039
shell_inject[6]=0x0000000000000023
shell_inject[7]=0x0000000000000017
shell_inject[8]=0x0000000000000005
shell_inject[9]=0x0000000000000003
shell_inject[10]=0x000000000000002C
shell_inject[11]=0x00000000000000E0
shell_inject[12]=0x0000000000000047
shell_inject[13]=0x00000000000000E0
shell_inject[14]=0x000000000000004D
shell_inject[15]=0x00000000000000E0
shell_inject[16]=0x000000000000004B
shell_inject[17]=0x00000000000000E0
shell_inject[18]=0x0000000000000053
shell_inject[19]=0x00000000000000E0
shell_inject[20]=0x000000000000004F
shell_inject[21]=0x00000000000000E0
shell_inject[22]=0x000000000000004B
shell_inject[23]=0x00000000000000E0
shell_inject[24]=0x000000000000004D
shell_inject[25]=0x000000000000000E
shell_inject[26]=0x000000000000001C
os64 % hi42
shell_line=echo hi42
shell_line_length=9
shell_result=executed
shell_inject[0]=0x0000000000000016
shell_inject[1]=0x0000000000000019
shell_inject[2]=0x0000000000000014
shell_inject[3]=0x0000000000000017
shell_inject[4]=0x0000000000000032
shell_inject[5]=0x0000000000000012
shell_inject[6]=0x000000000000001C
os64 % uptime_ticks=58
uptime_frequency_hz=100
uptime_ms=580
shell_line=uptime
shell_line_length=6
shell_result=executed
shell_inject[0]=0x0000000000000023
shell_inject[1]=0x0000000000000017
shell_inject[2]=0x000000000000001F
shell_inject[3]=0x0000000000000014
shell_inject[4]=0x0000000000000018
shell_inject[5]=0x0000000000000013
shell_inject[6]=0x0000000000000015
shell_inject[7]=0x000000000000001C
os64 % history_buffered=24
history_total=24
history[1]=help
history[2]=mem
history[3]=ticks
history[4]=heap
history[5]=disk
history[6]=ls
history[7]=ls docs
history[8]=cat readme.txt
history[9]=cat /docs/guide.txt
history[10]=stat docs/guide.txt
history[11]=stat docs/../notes.txt
history[12]=pwd
history[13]=cd docs
history[14]=pwd
history[15]=ls
history[16]=cat guide.txt
history[17]=run hello.elf
history[18]=irq
history[19]=bootinfo
history[20]=e820
history[21]=cpu
history[22]=echo hi42
history[23]=uptime
history[24]=history
shell_line=history
shell_line_length=7
shell_result=executed
shell_inject[0]=0x00000000000000E0
shell_inject[1]=0x0000000000000048
shell_inject[2]=0x00000000000000E0
shell_inject[3]=0x0000000000000048
shell_inject[4]=0x00000000000000E0
shell_inject[5]=0x0000000000000050
shell_inject[6]=0x000000000000001C
os64 % history_buffered=24
history_total=25
history[2]=mem
history[3]=ticks
history[4]=heap
history[5]=disk
history[6]=ls
history[7]=ls docs
history[8]=cat readme.txt
history[9]=cat /docs/guide.txt
history[10]=stat docs/guide.txt
history[11]=stat docs/../notes.txt
history[12]=pwd
history[13]=cd docs
history[14]=pwd
history[15]=ls
history[16]=cat guide.txt
history[17]=run hello.elf
history[18]=irq
history[19]=bootinfo
history[20]=e820
history[21]=cpu
history[22]=echo hi42
history[23]=uptime
history[24]=history
history[25]=history
shell_line=history
shell_line_length=7
shell_result=executed
shell_inject[0]=0x000000000000002E
shell_inject[1]=0x0000000000000026
shell_inject[2]=0x0000000000000012
shell_inject[3]=0x000000000000001E
shell_inject[4]=0x0000000000000013
shell_inject[5]=0x000000000000001C
os64 % shell_line=clear
shell_line_length=5
shell_result=executed
shell_inject[0]=0x0000000000000030
shell_inject[1]=0x000000000000001E
shell_inject[2]=0x0000000000000020
shell_inject[3]=0x000000000000001C
os64 % unknown command: bad
shell_line=bad
shell_line_length=3
shell_result=unknown
user_thread_pid=5
user_thread_tid=11
user_thread_helper_tid=12
user_thread_kernel_cwd_before=/docs
user_thread_process_cwd_before=/
user_thread_root=0x0000000000169000
user_thread_code_phys=0x0000000000181000
user_thread_stack_phys=0x0000000000183000
user_thread_preempt_shared_phys=0x0000000000182000
user_thread_entry=0x0000000000400000
user_thread_preempt_shared_virt=0x0000000000401000
user_thread_stack_top=0x0000000000800000
user_thread_kernel_entry_stack_top=0x0000000001028910
user_thread_program_size=920
user_mode_message=hello from ring3 via int80
user_mode_cwd=/
user_mode_readme_prefix=os64fs readme
user_mode_yield_before=1
user_mode_yield_after=1
user_mode_preempt_before=1
user_mode_preempt_after=1
user_mode_stdin_before=1
user_mode_stdin_after=1
user_thread_return_cs=0x0000000000000043
user_thread_return_cpl=3
user_thread_return_flags=0x000000000000001F
user_thread_kernel_cwd_after=/docs
user_thread_process_cwd_after=/
user_thread_open_count=0
user_thread_tss_rsp0=0x0000000001028910
user_thread_kernel_root=0x0000000000001000
user_thread_helper_runs=3
user_thread_helper_stack_base=0x0000000001028930
user_thread_helper_resume_root=0x0000000000001000
user_thread_helper_preempt_signals=1
user_thread_yield_count=1
user_thread_total_yield_count=2
user_thread_preempt_count=1
user_thread_preempt_arm_flag=1
user_thread_preempt_done_flag=1
user_thread_stdin_arm_flag=1
user_thread_stdin_done_flag=1
user_thread_helper_stdin_signals=1
user_thread_helper_block_observed=1
user_thread_trap_cs=0x0000000000000043
user_thread_trap_ss=0x000000000000003B
user_thread_trap_rip=0x0000000000400293
user_thread_trap_rsp=0x0000000000800000
user_thread_preempt_trap_vector=0x0000000000000020
user_thread_preempt_trap_cs=0x0000000000000043
user_thread_preempt_trap_ss=0x000000000000003B
user_thread_preempt_trap_rip=0x00000000004001DB
user_thread_preempt_trap_rsp=0x00000000007FFFC0
user_thread_process_state=exited
user_thread_state=finished
user thread ok
os64fs_write_enter=1
os64fs_write_mount_ok=1
os64fs_write_create_dir=1
os64fs_write_create_file=1
os64fs_write_write=1
os64fs_write_append=1
os64fs_write_create_subdir=1
os64fs_write_unlink_subdir=1
os64fs_write_unlink_file=1
os64fs_write_stat_ok=1
os64fs_write_remount=1
os64fs_write_file_open=1
os64fs_write_dir_open=1
os64fs_write_sync=1
os64fs_write_lab_entries=1
os64fs_write_note_size=10
os64fs_write_note_text=alpha+beta
os64fs_write_inode_used=10
os64fs_write_inode_free=21
os64fs_write_data_used=21
os64fs_write_data_free=100
os64fs_write ok
fs write ok
shell ok
storage_backend=ata-pio
network_ready=0
shell_process_pid=1
shell_thread_tid=1
smp_online_cpus=2
shell thread ok
shell_thread_started_pid=1
shell_thread_started_tid=1
os64 % s[K[1Dsm[K[2Dsmp[K
smp_online_cpus=2
smp_online_mask=3
cpu=0 apic_id=0 user_dispatches=0 user_ticks=0
cpu=1 apic_id=1 user_dispatches=0 user_ticks=0
os64 % r[K[1Dru[K[2Drun[K[3Drun [K[4Drun /[K[5Drun /b[K[6Drun /bi[K[7Drun /bin[K[8Drun /bin/[K[9Drun /bin/b[K[10Drun /bin/be[K[11Drun /bin/ben[K[12Drun /bin/benc[K[13Drun /bin/bench[K[14Drun /bin/bench [K[15Drun /bin/bench 1[K[16Drun /bin/bench 1 [K[17Drun /bin/bench 1 4[K[18Drun /bin/bench 1 48[K[19Drun /bin/bench 1 480[K[20Drun /bin/bench 1 4800[K[21Drun /bin/bench 1 48000[K[22Drun /bin/bench 1 480000[K[23Drun /bin/bench 1 4800000[K[24Drun /bin/bench 1 48000000[K[25Drun /bin/bench 1 480000000[K[26Drun /bin/bench 1 480000000 [K[27Drun /bin/bench 1 480000000 0[K
run_path=/bin/bench
run_resolved_path=/bin/bench
run_inode=11
run_pid=2
run_tid=3
run_entry=0x00000000004000B0
run_stack_top=0x0000000000800000
run_segment_count=2
run_page_count=2
bench workers=1
bench iterations_per_worker=480000000
bench yield_every=0
bench elapsed_ticks=65
bench timer_hz=100
bench context_switches=4
bench preempt_requests=2
bench checksum8_sum=82
bench free_pages_before=31301
bench free_pages_after=31301
bench correctness=ok
run_return_flags=0x0000000000000000
run_process_state=exited
run_thread_state=finished
run_exit_code=0
os64 % r[K[1Dru[K[2Drun[K[3Drun [K[4Drun /[K[5Drun /b[K[6Drun /bi[K[7Drun /bin[K[8Drun /bin/[K[9Drun /bin/b[K[10Drun /bin/be[K[11Drun /bin/ben[K[12Drun /bin/benc[K[13Drun /bin/bench[K[14Drun /bin/bench [K[15Drun /bin/bench 1[K[16Drun /bin/bench 1 [K[17Drun /bin/bench 1 4[K[18Drun /bin/bench 1 48[K[19Drun /bin/bench 1 480[K[20Drun /bin/bench 1 4800[K[21Drun /bin/bench 1 48000[K[22Drun /bin/bench 1 480000[K[23Drun /bin/bench 1 4800000[K[24Drun /bin/bench 1 48000000[K[25Drun /bin/bench 1 480000000[K[26Drun /bin/bench 1 480000000 [K[27Drun /bin/bench 1 480000000 0[K
run_path=/bin/bench
run_resolved_path=/bin/bench
run_inode=11
run_pid=4
run_tid=5
run_entry=0x00000000004000B0
run_stack_top=0x0000000000800000
run_segment_count=2
run_page_count=2
bench workers=1
bench iterations_per_worker=480000000
bench yield_every=0
bench elapsed_ticks=66
bench timer_hz=100
bench context_switches=4
bench preempt_requests=2
bench checksum8_sum=82
bench free_pages_before=31301
bench free_pages_after=31301
bench correctness=ok
run_return_flags=0x0000000000000000
run_process_state=exited
run_thread_state=finished
run_exit_code=0
os64 % r[K[1Dru[K[2Drun[K[3Drun [K[4Drun /[K[5Drun /b[K[6Drun /bi[K[7Drun /bin[K[8Drun /bin/[K[9Drun /bin/b[K[10Drun /bin/be[K[11Drun /bin/ben[K[12Drun /bin/benc[K[13Drun /bin/bench[K[14Drun /bin/bench [K[15Drun /bin/bench 1[K[16Drun /bin/bench 1 [K[17Drun /bin/bench 1 4[K[18Drun /bin/bench 1 48[K[19Drun /bin/bench 1 480[K[20Drun /bin/bench 1 4800[K[21Drun /bin/bench 1 48000[K[22Drun /bin/bench 1 480000[K[23Drun /bin/bench 1 4800000[K[24Drun /bin/bench 1 48000000[K[25Drun /bin/bench 1 480000000[K[26Drun /bin/bench 1 480000000 [K[27Drun /bin/bench 1 480000000 0[K
run_path=/bin/bench
run_resolved_path=/bin/bench
run_inode=11
run_pid=6
run_tid=7
run_entry=0x00000000004000B0
run_stack_top=0x0000000000800000
run_segment_count=2
run_page_count=2
bench workers=1
bench iterations_per_worker=480000000
bench yield_every=0
bench elapsed_ticks=65
bench timer_hz=100
bench context_switches=4
bench preempt_requests=2
bench checksum8_sum=82
bench free_pages_before=31301
bench free_pages_after=31301
bench correctness=ok
run_return_flags=0x0000000000000000
run_process_state=exited
run_thread_state=finished
run_exit_code=0
os64 % r[K[1Dru[K[2Drun[K[3Drun [K[4Drun /[K[5Drun /b[K[6Drun /bi[K[7Drun /bin[K[8Drun /bin/[K[9Drun /bin/b[K[10Drun /bin/be[K[11Drun /bin/ben[K[12Drun /bin/benc[K[13Drun /bin/bench[K[14Drun /bin/bench [K[15Drun /bin/bench 1[K[16Drun /bin/bench 1 [K[17Drun /bin/bench 1 4[K[18Drun /bin/bench 1 48[K[19Drun /bin/bench 1 480[K[20Drun /bin/bench 1 4800[K[21Drun /bin/bench 1 48000[K[22Drun /bin/bench 1 480000[K[23Drun /bin/bench 1 4800000[K[24Drun /bin/bench 1 48000000[K[25Drun /bin/bench 1 480000000[K[26Drun /bin/bench 1 480000000 [K[27Drun /bin/bench 1 480000000 0[K
run_path=/bin/bench
run_resolved_path=/bin/bench
run_inode=11
run_pid=8
run_tid=9
run_entry=0x00000000004000B0
run_stack_top=0x0000000000800000
run_segment_count=2
run_page_count=2
bench workers=1
bench iterations_per_worker=480000000
bench yield_every=0
bench elapsed_ticks=65
bench timer_hz=100
bench context_switches=4
bench preempt_requests=2
bench checksum8_sum=82
bench free_pages_before=31301
bench free_pages_after=31301
bench correctness=ok
run_return_flags=0x0000000000000000
run_process_state=exited
run_thread_state=finished
run_exit_code=0
os64 % r[K[1Dru[K[2Drun[K[3Drun [K[4Drun /[K[5Drun /b[K[6Drun /bi[K[7Drun /bin[K[8Drun /bin/[K[9Drun /bin/b[K[10Drun /bin/be[K[11Drun /bin/ben[K[12Drun /bin/benc[K[13Drun /bin/bench[K[14Drun /bin/bench [K[15Drun /bin/bench 1[K[16Drun /bin/bench 1 [K[17Drun /bin/bench 1 4[K[18Drun /bin/bench 1 48[K[19Drun /bin/bench 1 480[K[20Drun /bin/bench 1 4800[K[21Drun /bin/bench 1 48000[K[22Drun /bin/bench 1 480000[K[23Drun /bin/bench 1 4800000[K[24Drun /bin/bench 1 48000000[K[25Drun /bin/bench 1 480000000[K[26Drun /bin/bench 1 480000000 [K[27Drun /bin/bench 1 480000000 0[K
run_path=/bin/bench
run_resolved_path=/bin/bench
run_inode=11
run_pid=10
run_tid=11
run_entry=0x00000000004000B0
run_stack_top=0x0000000000800000
run_segment_count=2
run_page_count=2
bench workers=1
bench iterations_per_worker=480000000
bench yield_every=0
bench elapsed_ticks=73
bench timer_hz=100
bench context_switches=4
bench preempt_requests=2
bench checksum8_sum=82
bench free_pages_before=31301
bench free_pages_after=31301
bench correctness=ok
run_return_flags=0x0000000000000000
run_process_state=exited
run_thread_state=finished
run_exit_code=0
os64 % r[K[1Dru[K[2Drun[K[3Drun [K[4Drun /[K[5Drun /b[K[6Drun /bi[K[7Drun /bin[K[8Drun /bin/[K[9Drun /bin/b[K[10Drun /bin/be[K[11Drun /bin/ben[K[12Drun /bin/benc[K[13Drun /bin/bench[K[14Drun /bin/bench [K[15Drun /bin/bench 1[K[16Drun /bin/bench 1 [K[17Drun /bin/bench 1 4[K[18Drun /bin/bench 1 48[K[19Drun /bin/bench 1 480[K[20Drun /bin/bench 1 4800[K[21Drun /bin/bench 1 48000[K[22Drun /bin/bench 1 480000[K[23Drun /bin/bench 1 4800000[K[24Drun /bin/bench 1 48000000[K[25Drun /bin/bench 1 480000000[K[26Drun /bin/bench 1 480000000 [K[27Drun /bin/bench 1 480000000 0[K
run_path=/bin/bench
run_resolved_path=/bin/bench
run_inode=11
run_pid=12
run_tid=13
run_entry=0x00000000004000B0
run_stack_top=0x0000000000800000
run_segment_count=2
run_page_count=2
bench workers=1
bench iterations_per_worker=480000000
bench yield_every=0
bench elapsed_ticks=66
bench timer_hz=100
bench context_switches=4
bench preempt_requests=2
bench checksum8_sum=82
bench free_pages_before=31301
bench free_pages_after=31301
bench correctness=ok
run_return_flags=0x0000000000000000
run_process_state=exited
run_thread_state=finished
run_exit_code=0
os64 % r[K[1Dru[K[2Drun[K[3Drun [K[4Drun /[K[5Drun /b[K[6Drun /bi[K[7Drun /bin[K[8Drun /bin/[K[9Drun /bin/b[K[10Drun /bin/be[K[11Drun /bin/ben[K[12Drun /bin/benc[K[13Drun /bin/bench[K[14Drun /bin/bench [K[15Drun /bin/bench 1[K[16Drun /bin/bench 1 [K[17Drun /bin/bench 1 4[K[18Drun /bin/bench 1 48[K[19Drun /bin/bench 1 480[K[20Drun /bin/bench 1 4800[K[21Drun /bin/bench 1 48000[K[22Drun /bin/bench 1 480000[K[23Drun /bin/bench 1 4800000[K[24Drun /bin/bench 1 48000000[K[25Drun /bin/bench 1 480000000[K[26Drun /bin/bench 1 480000000 [K[27Drun /bin/bench 1 480000000 0[K
run_path=/bin/bench
run_resolved_path=/bin/bench
run_inode=11
run_pid=14
run_tid=15
run_entry=0x00000000004000B0
run_stack_top=0x0000000000800000
run_segment_count=2
run_page_count=2
bench workers=1
bench iterations_per_worker=480000000
bench yield_every=0
bench elapsed_ticks=67
bench timer_hz=100
bench context_switches=4
bench preempt_requests=2
bench checksum8_sum=82
bench free_pages_before=31301
bench free_pages_after=31301
bench correctness=ok
run_return_flags=0x0000000000000000
run_process_state=exited
run_thread_state=finished
run_exit_code=0
os64 % r[K[1Dru[K[2Drun[K[3Drun [K[4Drun /[K[5Drun /b[K[6Drun /bi[K[7Drun /bin[K[8Drun /bin/[K[9Drun /bin/b[K[10Drun /bin/be[K[11Drun /bin/ben[K[12Drun /bin/benc[K[13Drun /bin/bench[K[14Drun /bin/bench [K[15Drun /bin/bench 1[K[16Drun /bin/bench 1 [K[17Drun /bin/bench 1 4[K[18Drun /bin/bench 1 48[K[19Drun /bin/bench 1 480[K[20Drun /bin/bench 1 4800[K[21Drun /bin/bench 1 48000[K[22Drun /bin/bench 1 480000[K[23Drun /bin/bench 1 4800000[K[24Drun /bin/bench 1 48000000[K[25Drun /bin/bench 1 480000000[K[26Drun /bin/bench 1 480000000 [K[27Drun /bin/bench 1 480000000 0[K
run_path=/bin/bench
run_resolved_path=/bin/bench
run_inode=11
run_pid=16
run_tid=17
run_entry=0x00000000004000B0
run_stack_top=0x0000000000800000
run_segment_count=2
run_page_count=2
bench workers=1
bench iterations_per_worker=480000000
bench yield_every=0
bench elapsed_ticks=69
bench timer_hz=100
bench context_switches=4
bench preempt_requests=2
bench checksum8_sum=82
bench free_pages_before=31301
bench free_pages_after=31301
bench correctness=ok
run_return_flags=0x0000000000000000
run_process_state=exited
run_thread_state=finished
run_exit_code=0
os64 % r[K[1Dru[K[2Drun[K[3Drun [K[4Drun /[K[5Drun /b[K[6Drun /bi[K[7Drun /bin[K[8Drun /bin/[K[9Drun /bin/b[K[10Drun /bin/be[K[11Drun /bin/ben[K[12Drun /bin/benc[K[13Drun /bin/bench[K[14Drun /bin/bench [K[15Drun /bin/bench 1[K[16Drun /bin/bench 1 [K[17Drun /bin/bench 1 4[K[18Drun /bin/bench 1 48[K[19Drun /bin/bench 1 480[K[20Drun /bin/bench 1 4800[K[21Drun /bin/bench 1 48000[K[22Drun /bin/bench 1 480000[K[23Drun /bin/bench 1 4800000[K[24Drun /bin/bench 1 48000000[K[25Drun /bin/bench 1 480000000[K[26Drun /bin/bench 1 480000000 [K[27Drun /bin/bench 1 480000000 0[K
run_path=/bin/bench
run_resolved_path=/bin/bench
run_inode=11
run_pid=18
run_tid=19
run_entry=0x00000000004000B0
run_stack_top=0x0000000000800000
run_segment_count=2
run_page_count=2
bench workers=1
bench iterations_per_worker=480000000
bench yield_every=0
bench elapsed_ticks=64
bench timer_hz=100
bench context_switches=4
bench preempt_requests=2
bench checksum8_sum=82
bench free_pages_before=31301
bench free_pages_after=31301
bench correctness=ok
run_return_flags=0x0000000000000000
run_process_state=exited
run_thread_state=finished
run_exit_code=0
os64 % r[K[1Dru[K[2Drun[K[3Drun [K[4Drun /[K[5Drun /b[K[6Drun /bi[K[7Drun /bin[K[8Drun /bin/[K[9Drun /bin/b[K[10Drun /bin/be[K[11Drun /bin/ben[K[12Drun /bin/benc[K[13Drun /bin/bench[K[14Drun /bin/bench [K[15Drun /bin/bench 1[K[16Drun /bin/bench 1 [K[17Drun /bin/bench 1 4[K[18Drun /bin/bench 1 48[K[19Drun /bin/bench 1 480[K[20Drun /bin/bench 1 4800[K[21Drun /bin/bench 1 48000[K[22Drun /bin/bench 1 480000[K[23Drun /bin/bench 1 4800000[K[24Drun /bin/bench 1 48000000[K[25Drun /bin/bench 1 480000000[K[26Drun /bin/bench 1 480000000 [K[27Drun /bin/bench 1 480000000 0[K
run_path=/bin/bench
run_resolved_path=/bin/bench
run_inode=11
run_pid=20
run_tid=21
run_entry=0x00000000004000B0
run_stack_top=0x0000000000800000
run_segment_count=2
run_page_count=2
bench workers=1
bench iterations_per_worker=480000000
bench yield_every=0
bench elapsed_ticks=66
bench timer_hz=100
bench context_switches=4
bench preempt_requests=2
bench checksum8_sum=82
bench free_pages_before=31301
bench free_pages_after=31301
bench correctness=ok
run_return_flags=0x0000000000000000
run_process_state=exited
run_thread_state=finished
run_exit_code=0
os64 % r[K[1Dru[K[2Drun[K[3Drun [K[4Drun /[K[5Drun /b[K[6Drun /bi[K[7Drun /bin[K[8Drun /bin/[K[9Drun /bin/b[K[10Drun /bin/be[K[11Drun /bin/ben[K[12Drun /bin/benc[K[13Drun /bin/bench[K[14Drun /bin/bench [K[15Drun /bin/bench 1[K[16Drun /bin/bench 1 [K[17Drun /bin/bench 1 4[K[18Drun /bin/bench 1 48[K[19Drun /bin/bench 1 480[K[20Drun /bin/bench 1 4800[K[21Drun /bin/bench 1 48000[K[22Drun /bin/bench 1 480000[K[23Drun /bin/bench 1 4800000[K[24Drun /bin/bench 1 48000000[K[25Drun /bin/bench 1 480000000[K[26Drun /bin/bench 1 480000000 [K[27Drun /bin/bench 1 480000000 0[K
run_path=/bin/bench
run_resolved_path=/bin/bench
run_inode=11
run_pid=22
run_tid=23
run_entry=0x00000000004000B0
run_stack_top=0x0000000000800000
run_segment_count=2
run_page_count=2
bench workers=1
bench iterations_per_worker=480000000
bench yield_every=0
bench elapsed_ticks=67
bench timer_hz=100
bench context_switches=4
bench preempt_requests=2
bench checksum8_sum=82
bench free_pages_before=31301
bench free_pages_after=31301
bench correctness=ok
run_return_flags=0x0000000000000000
run_process_state=exited
run_thread_state=finished
run_exit_code=0
os64 % r[K[1Dru[K[2Drun[K[3Drun [K[4Drun /[K[5Drun /b[K[6Drun /bi[K[7Drun /bin[K[8Drun /bin/[K[9Drun /bin/b[K[10Drun /bin/be[K[11Drun /bin/ben[K[12Drun /bin/benc[K[13Drun /bin/bench[K[14Drun /bin/bench [K[15Drun /bin/bench 1[K[16Drun /bin/bench 1 [K[17Drun /bin/bench 1 4[K[18Drun /bin/bench 1 48[K[19Drun /bin/bench 1 480[K[20Drun /bin/bench 1 4800[K[21Drun /bin/bench 1 48000[K[22Drun /bin/bench 1 480000[K[23Drun /bin/bench 1 4800000[K[24Drun /bin/bench 1 48000000[K[25Drun /bin/bench 1 480000000[K[26Drun /bin/bench 1 480000000 [K[27Drun /bin/bench 1 480000000 0[K
run_path=/bin/bench
run_resolved_path=/bin/bench
run_inode=11
run_pid=24
run_tid=25
run_entry=0x00000000004000B0
run_stack_top=0x0000000000800000
run_segment_count=2
run_page_count=2
bench workers=1
bench iterations_per_worker=480000000
bench yield_every=0
bench elapsed_ticks=68
bench timer_hz=100
bench context_switches=4
bench preempt_requests=2
bench checksum8_sum=82
bench free_pages_before=31301
bench free_pages_after=31301
bench correctness=ok
run_return_flags=0x0000000000000000
run_process_state=exited
run_thread_state=finished
run_exit_code=0
os64 % r[K[1Dru[K[2Drun[K[3Drun [K[4Drun /[K[5Drun /b[K[6Drun /bi[K[7Drun /bin[K[8Drun /bin/[K[9Drun /bin/b[K[10Drun /bin/be[K[11Drun /bin/ben[K[12Drun /bin/benc[K[13Drun /bin/bench[K[14Drun /bin/bench [K[15Drun /bin/bench 1[K[16Drun /bin/bench 1 [K[17Drun /bin/bench 1 4[K[18Drun /bin/bench 1 48[K[19Drun /bin/bench 1 480[K[20Drun /bin/bench 1 4800[K[21Drun /bin/bench 1 48000[K[22Drun /bin/bench 1 480000[K[23Drun /bin/bench 1 4800000[K[24Drun /bin/bench 1 48000000[K[25Drun /bin/bench 1 480000000[K[26Drun /bin/bench 1 480000000 [K[27Drun /bin/bench 1 480000000 0[K
run_path=/bin/bench
run_resolved_path=/bin/bench
run_inode=11
run_pid=26
run_tid=27
run_entry=0x00000000004000B0
run_stack_top=0x0000000000800000
run_segment_count=2
run_page_count=2
bench workers=1
bench iterations_per_worker=480000000
bench yield_every=0
bench elapsed_ticks=66
bench timer_hz=100
bench context_switches=4
bench preempt_requests=2
bench checksum8_sum=82
bench free_pages_before=31301
bench free_pages_after=31301
bench correctness=ok
run_return_flags=0x0000000000000000
run_process_state=exited
run_thread_state=finished
run_exit_code=0
os64 % r[K[1Dru[K[2Drun[K[3Drun [K[4Drun /[K[5Drun /b[K[6Drun /bi[K[7Drun /bin[K[8Drun /bin/[K[9Drun /bin/b[K[10Drun /bin/be[K[11Drun /bin/ben[K[12Drun /bin/benc[K[13Drun /bin/bench[K[14Drun /bin/bench [K[15Drun /bin/bench 1[K[16Drun /bin/bench 1 [K[17Drun /bin/bench 1 4[K[18Drun /bin/bench 1 48[K[19Drun /bin/bench 1 480[K[20Drun /bin/bench 1 4800[K[21Drun /bin/bench 1 48000[K[22Drun /bin/bench 1 480000[K[23Drun /bin/bench 1 4800000[K[24Drun /bin/bench 1 48000000[K[25Drun /bin/bench 1 480000000[K[26Drun /bin/bench 1 480000000 [K[27Drun /bin/bench 1 480000000 0[K
run_path=/bin/bench
run_resolved_path=/bin/bench
run_inode=11
run_pid=28
run_tid=29
run_entry=0x00000000004000B0
run_stack_top=0x0000000000800000
run_segment_count=2
run_page_count=2
bench workers=1
bench iterations_per_worker=480000000
bench yield_every=0
bench elapsed_ticks=66
bench timer_hz=100
bench context_switches=4
bench preempt_requests=2
bench checksum8_sum=82
bench free_pages_before=31301
bench free_pages_after=31301
bench correctness=ok
run_return_flags=0x0000000000000000
run_process_state=exited
run_thread_state=finished
run_exit_code=0
os64 % r[K[1Dru[K[2Drun[K[3Drun [K[4Drun /[K[5Drun /b[K[6Drun /bi[K[7Drun /bin[K[8Drun /bin/[K[9Drun /bin/b[K[10Drun /bin/be[K[11Drun /bin/ben[K[12Drun /bin/benc[K[13Drun /bin/bench[K[14Drun /bin/bench [K[15Drun /bin/bench 1[K[16Drun /bin/bench 1 [K[17Drun /bin/bench 1 4[K[18Drun /bin/bench 1 48[K[19Drun /bin/bench 1 480[K[20Drun /bin/bench 1 4800[K[21Drun /bin/bench 1 48000[K[22Drun /bin/bench 1 480000[K[23Drun /bin/bench 1 4800000[K[24Drun /bin/bench 1 48000000[K[25Drun /bin/bench 1 480000000[K[26Drun /bin/bench 1 480000000 [K[27Drun /bin/bench 1 480000000 0[K
run_path=/bin/bench
run_resolved_path=/bin/bench
run_inode=11
run_pid=30
run_tid=31
run_entry=0x00000000004000B0
run_stack_top=0x0000000000800000
run_segment_count=2
run_page_count=2
bench workers=1
bench iterations_per_worker=480000000
bench yield_every=0
bench elapsed_ticks=64
bench timer_hz=100
bench context_switches=4
bench preempt_requests=2
bench checksum8_sum=82
bench free_pages_before=31301
bench free_pages_after=31301
bench correctness=ok
run_return_flags=0x0000000000000000
run_process_state=exited
run_thread_state=finished
run_exit_code=0
os64 % r[K[1Dru[K[2Drun[K[3Drun [K[4Drun /[K[5Drun /b[K[6Drun /bi[K[7Drun /bin[K[8Drun /bin/[K[9Drun /bin/b[K[10Drun /bin/be[K[11Drun /bin/ben[K[12Drun /bin/benc[K[13Drun /bin/bench[K[14Drun /bin/bench [K[15Drun /bin/bench 1[K[16Drun /bin/bench 1 [K[17Drun /bin/bench 1 4[K[18Drun /bin/bench 1 48[K[19Drun /bin/bench 1 480[K[20Drun /bin/bench 1 4800[K[21Drun /bin/bench 1 48000[K[22Drun /bin/bench 1 480000[K[23Drun /bin/bench 1 4800000[K[24Drun /bin/bench 1 48000000[K[25Drun /bin/bench 1 480000000[K[26Drun /bin/bench 1 480000000 [K[27Drun /bin/bench 1 480000000 0[K
run_path=/bin/bench
run_resolved_path=/bin/bench
run_inode=11
run_pid=32
run_tid=33
run_entry=0x00000000004000B0
run_stack_top=0x0000000000800000
run_segment_count=2
run_page_count=2
bench workers=1
bench iterations_per_worker=480000000
bench yield_every=0
bench elapsed_ticks=65
bench timer_hz=100
bench context_switches=4
bench preempt_requests=2
bench checksum8_sum=82
bench free_pages_before=31301
bench free_pages_after=31301
bench correctness=ok
run_return_flags=0x0000000000000000
run_process_state=exited
run_thread_state=finished
run_exit_code=0
os64 % r[K[1Dru[K[2Drun[K[3Drun [K[4Drun /[K[5Drun /b[K[6Drun /bi[K[7Drun /bin[K[8Drun /bin/[K[9Drun /bin/b[K[10Drun /bin/be[K[11Drun /bin/ben[K[12Drun /bin/benc[K[13Drun /bin/bench[K[14Drun /bin/bench [K[15Drun /bin/bench 1[K[16Drun /bin/bench 1 [K[17Drun /bin/bench 1 4[K[18Drun /bin/bench 1 48[K[19Drun /bin/bench 1 480[K[20Drun /bin/bench 1 4800[K[21Drun /bin/bench 1 48000[K[22Drun /bin/bench 1 480000[K[23Drun /bin/bench 1 4800000[K[24Drun /bin/bench 1 48000000[K[25Drun /bin/bench 1 480000000[K[26Drun /bin/bench 1 480000000 [K[27Drun /bin/bench 1 480000000 0[K
run_path=/bin/bench
run_resolved_path=/bin/bench
run_inode=11
run_pid=34
run_tid=35
run_entry=0x00000000004000B0
run_stack_top=0x0000000000800000
run_segment_count=2
run_page_count=2
bench workers=1
bench iterations_per_worker=480000000
bench yield_every=0
bench elapsed_ticks=70
bench timer_hz=100
bench context_switches=4
bench preempt_requests=2
bench checksum8_sum=82
bench free_pages_before=31301
bench free_pages_after=31301
bench correctness=ok
run_return_flags=0x0000000000000000
run_process_state=exited
run_thread_state=finished
run_exit_code=0
os64 % r[K[1Dru[K[2Drun[K[3Drun [K[4Drun /[K[5Drun /b[K[6Drun /bi[K[7Drun /bin[K[8Drun /bin/[K[9Drun /bin/b[K[10Drun /bin/be[K[11Drun /bin/ben[K[12Drun /bin/benc[K[13Drun /bin/bench[K[14Drun /bin/bench [K[15Drun /bin/bench 4[K[16Drun /bin/bench 4 [K[17Drun /bin/bench 4 1[K[18Drun /bin/bench 4 12[K[19Drun /bin/bench 4 120[K[20Drun /bin/bench 4 1200[K[21Drun /bin/bench 4 12000[K[22Drun /bin/bench 4 120000[K[23Drun /bin/bench 4 1200000[K[24Drun /bin/bench 4 12000000[K[25Drun /bin/bench 4 120000000[K[26Drun /bin/bench 4 120000000 [K[27Drun /bin/bench 4 120000000 0[K
run_path=/bin/bench
run_resolved_path=/bin/bench
run_inode=11
run_pid=36
run_tid=37
run_entry=0x00000000004000B0
run_stack_top=0x0000000000800000
run_segment_count=2
run_page_count=2
bench workers=4
bench iterations_per_worker=120000000
bench yield_every=0
bench elapsed_ticks=37
bench timer_hz=100
bench context_switches=77
bench preempt_requests=71
bench checksum8_sum=409
bench free_pages_before=31301
bench free_pages_after=31301
bench correctness=ok
run_return_flags=0x0000000000000000
run_process_state=exited
run_thread_state=finished
run_exit_code=0
os64 % r[K[1Dru[K[2Drun[K[3Drun [K[4Drun /[K[5Drun /b[K[6Drun /bi[K[7Drun /bin[K[8Drun /bin/[K[9Drun /bin/b[K[10Drun /bin/be[K[11Drun /bin/ben[K[12Drun /bin/benc[K[13Drun /bin/bench[K[14Drun /bin/bench [K[15Drun /bin/bench 4[K[16Drun /bin/bench 4 [K[17Drun /bin/bench 4 1[K[18Drun /bin/bench 4 12[K[19Drun /bin/bench 4 120[K[20Drun /bin/bench 4 1200[K[21Drun /bin/bench 4 12000[K[22Drun /bin/bench 4 120000[K[23Drun /bin/bench 4 1200000[K[24Drun /bin/bench 4 12000000[K[25Drun /bin/bench 4 120000000[K[26Drun /bin/bench 4 120000000 [K[27Drun /bin/bench 4 120000000 0[K
run_path=/bin/bench
run_resolved_path=/bin/bench
run_inode=11
run_pid=41
run_tid=42
run_entry=0x00000000004000B0
run_stack_top=0x0000000000800000
run_segment_count=2
run_page_count=2
bench workers=4
bench iterations_per_worker=120000000
bench yield_every=0
bench elapsed_ticks=35
bench timer_hz=100
bench context_switches=75
bench preempt_requests=70
bench checksum8_sum=409
bench free_pages_before=31301
bench free_pages_after=31301
bench correctness=ok
run_return_flags=0x0000000000000000
run_process_state=exited
run_thread_state=finished
run_exit_code=0
os64 % r[K[1Dru[K[2Drun[K[3Drun [K[4Drun /[K[5Drun /b[K[6Drun /bi[K[7Drun /bin[K[8Drun /bin/[K[9Drun /bin/b[K[10Drun /bin/be[K[11Drun /bin/ben[K[12Drun /bin/benc[K[13Drun /bin/bench[K[14Drun /bin/bench [K[15Drun /bin/bench 4[K[16Drun /bin/bench 4 [K[17Drun /bin/bench 4 1[K[18Drun /bin/bench 4 12[K[19Drun /bin/bench 4 120[K[20Drun /bin/bench 4 1200[K[21Drun /bin/bench 4 12000[K[22Drun /bin/bench 4 120000[K[23Drun /bin/bench 4 1200000[K[24Drun /bin/bench 4 12000000[K[25Drun /bin/bench 4 120000000[K[26Drun /bin/bench 4 120000000 [K[27Drun /bin/bench 4 120000000 0[K
run_path=/bin/bench
run_resolved_path=/bin/bench
run_inode=11
run_pid=46
run_tid=47
run_entry=0x00000000004000B0
run_stack_top=0x0000000000800000
run_segment_count=2
run_page_count=2
bench workers=4
bench iterations_per_worker=120000000
bench yield_every=0
bench elapsed_ticks=47
bench timer_hz=100
bench context_switches=88
bench preempt_requests=83
bench checksum8_sum=409
bench free_pages_before=31301
bench free_pages_after=31301
bench correctness=ok
run_return_flags=0x0000000000000000
run_process_state=exited
run_thread_state=finished
run_exit_code=0
os64 % r[K[1Dru[K[2Drun[K[3Drun [K[4Drun /[K[5Drun /b[K[6Drun /bi[K[7Drun /bin[K[8Drun /bin/[K[9Drun /bin/b[K[10Drun /bin/be[K[11Drun /bin/ben[K[12Drun /bin/benc[K[13Drun /bin/bench[K[14Drun /bin/bench [K[15Drun /bin/bench 4[K[16Drun /bin/bench 4 [K[17Drun /bin/bench 4 1[K[18Drun /bin/bench 4 12[K[19Drun /bin/bench 4 120[K[20Drun /bin/bench 4 1200[K[21Drun /bin/bench 4 12000[K[22Drun /bin/bench 4 120000[K[23Drun /bin/bench 4 1200000[K[24Drun /bin/bench 4 12000000[K[25Drun /bin/bench 4 120000000[K[26Drun /bin/bench 4 120000000 [K[27Drun /bin/bench 4 120000000 0[K
run_path=/bin/bench
run_resolved_path=/bin/bench
run_inode=11
run_pid=51
run_tid=52
run_entry=0x00000000004000B0
run_stack_top=0x0000000000800000
run_segment_count=2
run_page_count=2
bench workers=4
bench iterations_per_worker=120000000
bench yield_every=0
bench elapsed_ticks=40
bench timer_hz=100
bench context_switches=82
bench preempt_requests=77
bench checksum8_sum=409
bench free_pages_before=31301
bench free_pages_after=31301
bench correctness=ok
run_return_flags=0x0000000000000000
run_process_state=exited
run_thread_state=finished
run_exit_code=0
os64 % r[K[1Dru[K[2Drun[K[3Drun [K[4Drun /[K[5Drun /b[K[6Drun /bi[K[7Drun /bin[K[8Drun /bin/[K[9Drun /bin/b[K[10Drun /bin/be[K[11Drun /bin/ben[K[12Drun /bin/benc[K[13Drun /bin/bench[K[14Drun /bin/bench [K[15Drun /bin/bench 4[K[16Drun /bin/bench 4 [K[17Drun /bin/bench 4 1[K[18Drun /bin/bench 4 12[K[19Drun /bin/bench 4 120[K[20Drun /bin/bench 4 1200[K[21Drun /bin/bench 4 12000[K[22Drun /bin/bench 4 120000[K[23Drun /bin/bench 4 1200000[K[24Drun /bin/bench 4 12000000[K[25Drun /bin/bench 4 120000000[K[26Drun /bin/bench 4 120000000 [K[27Drun /bin/bench 4 120000000 0[K
run_path=/bin/bench
run_resolved_path=/bin/bench
run_inode=11
run_pid=56
run_tid=57
run_entry=0x00000000004000B0
run_stack_top=0x0000000000800000
run_segment_count=2
run_page_count=2
bench workers=4
bench iterations_per_worker=120000000
bench yield_every=0
bench elapsed_ticks=36
bench timer_hz=100
bench context_switches=74
bench preempt_requests=69
bench checksum8_sum=409
bench free_pages_before=31301
bench free_pages_after=31301
bench correctness=ok
run_return_flags=0x0000000000000000
run_process_state=exited
run_thread_state=finished
run_exit_code=0
os64 % r[K[1Dru[K[2Drun[K[3Drun [K[4Drun /[K[5Drun /b[K[6Drun /bi[K[7Drun /bin[K[8Drun /bin/[K[9Drun /bin/b[K[10Drun /bin/be[K[11Drun /bin/ben[K[12Drun /bin/benc[K[13Drun /bin/bench[K[14Drun /bin/bench [K[15Drun /bin/bench 4[K[16Drun /bin/bench 4 [K[17Drun /bin/bench 4 1[K[18Drun /bin/bench 4 12[K[19Drun /bin/bench 4 120[K[20Drun /bin/bench 4 1200[K[21Drun /bin/bench 4 12000[K[22Drun /bin/bench 4 120000[K[23Drun /bin/bench 4 1200000[K[24Drun /bin/bench 4 12000000[K[25Drun /bin/bench 4 120000000[K[26Drun /bin/bench 4 120000000 [K[27Drun /bin/bench 4 120000000 0[K
run_path=/bin/bench
run_resolved_path=/bin/bench
run_inode=11
run_pid=61
run_tid=62
run_entry=0x00000000004000B0
run_stack_top=0x0000000000800000
run_segment_count=2
run_page_count=2
bench workers=4
bench iterations_per_worker=120000000
bench yield_every=0
bench elapsed_ticks=37
bench timer_hz=100
bench context_switches=78
bench preempt_requests=73
bench checksum8_sum=409
bench free_pages_before=31301
bench free_pages_after=31301
bench correctness=ok
run_return_flags=0x0000000000000000
run_process_state=exited
run_thread_state=finished
run_exit_code=0
os64 % r[K[1Dru[K[2Drun[K[3Drun [K[4Drun /[K[5Drun /b[K[6Drun /bi[K[7Drun /bin[K[8Drun /bin/[K[9Drun /bin/b[K[10Drun /bin/be[K[11Drun /bin/ben[K[12Drun /bin/benc[K[13Drun /bin/bench[K[14Drun /bin/bench [K[15Drun /bin/bench 4[K[16Drun /bin/bench 4 [K[17Drun /bin/bench 4 1[K[18Drun /bin/bench 4 12[K[19Drun /bin/bench 4 120[K[20Drun /bin/bench 4 1200[K[21Drun /bin/bench 4 12000[K[22Drun /bin/bench 4 120000[K[23Drun /bin/bench 4 1200000[K[24Drun /bin/bench 4 12000000[K[25Drun /bin/bench 4 120000000[K[26Drun /bin/bench 4 120000000 [K[27Drun /bin/bench 4 120000000 0[K
run_path=/bin/bench
run_resolved_path=/bin/bench
run_inode=11
run_pid=66
run_tid=67
run_entry=0x00000000004000B0
run_stack_top=0x0000000000800000
run_segment_count=2
run_page_count=2
bench workers=4
bench iterations_per_worker=120000000
bench yield_every=0
bench elapsed_ticks=37
bench timer_hz=100
bench context_switches=82
bench preempt_requests=76
bench checksum8_sum=409
bench free_pages_before=31301
bench free_pages_after=31301
bench correctness=ok
run_return_flags=0x0000000000000000
run_process_state=exited
run_thread_state=finished
run_exit_code=0
os64 % r[K[1Dru[K[2Drun[K[3Drun [K[4Drun /[K[5Drun /b[K[6Drun /bi[K[7Drun /bin[K[8Drun /bin/[K[9Drun /bin/b[K[10Drun /bin/be[K[11Drun /bin/ben[K[12Drun /bin/benc[K[13Drun /bin/bench[K[14Drun /bin/bench [K[15Drun /bin/bench 4[K[16Drun /bin/bench 4 [K[17Drun /bin/bench 4 1[K[18Drun /bin/bench 4 12[K[19Drun /bin/bench 4 120[K[20Drun /bin/bench 4 1200[K[21Drun /bin/bench 4 12000[K[22Drun /bin/bench 4 120000[K[23Drun /bin/bench 4 1200000[K[24Drun /bin/bench 4 12000000[K[25Drun /bin/bench 4 120000000[K[26Drun /bin/bench 4 120000000 [K[27Drun /bin/bench 4 120000000 0[K
run_path=/bin/bench
run_resolved_path=/bin/bench
run_inode=11
run_pid=71
run_tid=72
run_entry=0x00000000004000B0
run_stack_top=0x0000000000800000
run_segment_count=2
run_page_count=2
bench workers=4
bench iterations_per_worker=120000000
bench yield_every=0
bench elapsed_ticks=48
bench timer_hz=100
bench context_switches=102
bench preempt_requests=97
bench checksum8_sum=409
bench free_pages_before=31301
bench free_pages_after=31301
bench correctness=ok
run_return_flags=0x0000000000000000
run_process_state=exited
run_thread_state=finished
run_exit_code=0
os64 % r[K[1Dru[K[2Drun[K[3Drun [K[4Drun /[K[5Drun /b[K[6Drun /bi[K[7Drun /bin[K[8Drun /bin/[K[9Drun /bin/b[K[10Drun /bin/be[K[11Drun /bin/ben[K[12Drun /bin/benc[K[13Drun /bin/bench[K[14Drun /bin/bench [K[15Drun /bin/bench 4[K[16Drun /bin/bench 4 [K[17Drun /bin/bench 4 1[K[18Drun /bin/bench 4 12[K[19Drun /bin/bench 4 120[K[20Drun /bin/bench 4 1200[K[21Drun /bin/bench 4 12000[K[22Drun /bin/bench 4 120000[K[23Drun /bin/bench 4 1200000[K[24Drun /bin/bench 4 12000000[K[25Drun /bin/bench 4 120000000[K[26Drun /bin/bench 4 120000000 [K[27Drun /bin/bench 4 120000000 0[K
run_path=/bin/bench
run_resolved_path=/bin/bench
run_inode=11
run_pid=76
run_tid=77
run_entry=0x00000000004000B0
run_stack_top=0x0000000000800000
run_segment_count=2
run_page_count=2
bench workers=4
bench iterations_per_worker=120000000
bench yield_every=0
bench elapsed_ticks=36
bench timer_hz=100
bench context_switches=75
bench preempt_requests=71
bench checksum8_sum=409
bench free_pages_before=31301
bench free_pages_after=31301
bench correctness=ok
run_return_flags=0x0000000000000000
run_process_state=exited
run_thread_state=finished
run_exit_code=0
os64 % r[K[1Dru[K[2Drun[K[3Drun [K[4Drun /[K[5Drun /b[K[6Drun /bi[K[7Drun /bin[K[8Drun /bin/[K[9Drun /bin/b[K[10Drun /bin/be[K[11Drun /bin/ben[K[12Drun /bin/benc[K[13Drun /bin/bench[K[14Drun /bin/bench [K[15Drun /bin/bench 4[K[16Drun /bin/bench 4 [K[17Drun /bin/bench 4 1[K[18Drun /bin/bench 4 12[K[19Drun /bin/bench 4 120[K[20Drun /bin/bench 4 1200[K[21Drun /bin/bench 4 12000[K[22Drun /bin/bench 4 120000[K[23Drun /bin/bench 4 1200000[K[24Drun /bin/bench 4 12000000[K[25Drun /bin/bench 4 120000000[K[26Drun /bin/bench 4 120000000 [K[27Drun /bin/bench 4 120000000 0[K
run_path=/bin/bench
run_resolved_path=/bin/bench
run_inode=11
run_pid=81
run_tid=82
run_entry=0x00000000004000B0
run_stack_top=0x0000000000800000
run_segment_count=2
run_page_count=2
bench workers=4
bench iterations_per_worker=120000000
bench yield_every=0
bench elapsed_ticks=63
bench timer_hz=100
bench context_switches=125
bench preempt_requests=120
bench checksum8_sum=409
bench free_pages_before=31301
bench free_pages_after=31301
bench correctness=ok
run_return_flags=0x0000000000000000
run_process_state=exited
run_thread_state=finished
run_exit_code=0
os64 % r[K[1Dru[K[2Drun[K[3Drun [K[4Drun /[K[5Drun /b[K[6Drun /bi[K[7Drun /bin[K[8Drun /bin/[K[9Drun /bin/b[K[10Drun /bin/be[K[11Drun /bin/ben[K[12Drun /bin/benc[K[13Drun /bin/bench[K[14Drun /bin/bench [K[15Drun /bin/bench 4[K[16Drun /bin/bench 4 [K[17Drun /bin/bench 4 1[K[18Drun /bin/bench 4 12[K[19Drun /bin/bench 4 120[K[20Drun /bin/bench 4 1200[K[21Drun /bin/bench 4 12000[K[22Drun /bin/bench 4 120000[K[23Drun /bin/bench 4 1200000[K[24Drun /bin/bench 4 12000000[K[25Drun /bin/bench 4 120000000[K[26Drun /bin/bench 4 120000000 [K[27Drun /bin/bench 4 120000000 0[K
run_path=/bin/bench
run_resolved_path=/bin/bench
run_inode=11
run_pid=86
run_tid=87
run_entry=0x00000000004000B0
run_stack_top=0x0000000000800000
run_segment_count=2
run_page_count=2
bench workers=4
bench iterations_per_worker=120000000
bench yield_every=0
bench elapsed_ticks=59
bench timer_hz=100
bench context_switches=118
bench preempt_requests=112
bench checksum8_sum=409
bench free_pages_before=31301
bench free_pages_after=31301
bench correctness=ok
run_return_flags=0x0000000000000000
run_process_state=exited
run_thread_state=finished
run_exit_code=0
os64 % r[K[1Dru[K[2Drun[K[3Drun [K[4Drun /[K[5Drun /b[K[6Drun /bi[K[7Drun /bin[K[8Drun /bin/[K[9Drun /bin/b[K[10Drun /bin/be[K[11Drun /bin/ben[K[12Drun /bin/benc[K[13Drun /bin/bench[K[14Drun /bin/bench [K[15Drun /bin/bench 4[K[16Drun /bin/bench 4 [K[17Drun /bin/bench 4 1[K[18Drun /bin/bench 4 12[K[19Drun /bin/bench 4 120[K[20Drun /bin/bench 4 1200[K[21Drun /bin/bench 4 12000[K[22Drun /bin/bench 4 120000[K[23Drun /bin/bench 4 1200000[K[24Drun /bin/bench 4 12000000[K[25Drun /bin/bench 4 120000000[K[26Drun /bin/bench 4 120000000 [K[27Drun /bin/bench 4 120000000 0[K
run_path=/bin/bench
run_resolved_path=/bin/bench
run_inode=11
run_pid=91
run_tid=92
run_entry=0x00000000004000B0
run_stack_top=0x0000000000800000
run_segment_count=2
run_page_count=2
bench workers=4
bench iterations_per_worker=120000000
bench yield_every=0
bench elapsed_ticks=71
bench timer_hz=100
bench context_switches=127
bench preempt_requests=123
bench checksum8_sum=409
bench free_pages_before=31301
bench free_pages_after=31301
bench correctness=ok
run_return_flags=0x0000000000000000
run_process_state=exited
run_thread_state=finished
run_exit_code=0
os64 % r[K[1Dru[K[2Drun[K[3Drun [K[4Drun /[K[5Drun /b[K[6Drun /bi[K[7Drun /bin[K[8Drun /bin/[K[9Drun /bin/b[K[10Drun /bin/be[K[11Drun /bin/ben[K[12Drun /bin/benc[K[13Drun /bin/bench[K[14Drun /bin/bench [K[15Drun /bin/bench 4[K[16Drun /bin/bench 4 [K[17Drun /bin/bench 4 1[K[18Drun /bin/bench 4 12[K[19Drun /bin/bench 4 120[K[20Drun /bin/bench 4 1200[K[21Drun /bin/bench 4 12000[K[22Drun /bin/bench 4 120000[K[23Drun /bin/bench 4 1200000[K[24Drun /bin/bench 4 12000000[K[25Drun /bin/bench 4 120000000[K[26Drun /bin/bench 4 120000000 [K[27Drun /bin/bench 4 120000000 0[K
run_path=/bin/bench
run_resolved_path=/bin/bench
run_inode=11
run_pid=96
run_tid=97
run_entry=0x00000000004000B0
run_stack_top=0x0000000000800000
run_segment_count=2
run_page_count=2
bench workers=4
bench iterations_per_worker=120000000
bench yield_every=0
bench elapsed_ticks=44
bench timer_hz=100
bench context_switches=93
bench preempt_requests=88
bench checksum8_sum=409
bench free_pages_before=31301
bench free_pages_after=31301
bench correctness=ok
run_return_flags=0x0000000000000000
run_process_state=exited
run_thread_state=finished
run_exit_code=0
os64 % r[K[1Dru[K[2Drun[K[3Drun [K[4Drun /[K[5Drun /b[K[6Drun /bi[K[7Drun /bin[K[8Drun /bin/[K[9Drun /bin/b[K[10Drun /bin/be[K[11Drun /bin/ben[K[12Drun /bin/benc[K[13Drun /bin/bench[K[14Drun /bin/bench [K[15Drun /bin/bench 4[K[16Drun /bin/bench 4 [K[17Drun /bin/bench 4 1[K[18Drun /bin/bench 4 12[K[19Drun /bin/bench 4 120[K[20Drun /bin/bench 4 1200[K[21Drun /bin/bench 4 12000[K[22Drun /bin/bench 4 120000[K[23Drun /bin/bench 4 1200000[K[24Drun /bin/bench 4 12000000[K[25Drun /bin/bench 4 120000000[K[26Drun /bin/bench 4 120000000 [K[27Drun /bin/bench 4 120000000 0[K
run_path=/bin/bench
run_resolved_path=/bin/bench
run_inode=11
run_pid=101
run_tid=102
run_entry=0x00000000004000B0
run_stack_top=0x0000000000800000
run_segment_count=2
run_page_count=2
bench workers=4
bench iterations_per_worker=120000000
bench yield_every=0
bench elapsed_ticks=53
bench timer_hz=100
bench context_switches=108
bench preempt_requests=102
bench checksum8_sum=409
bench free_pages_before=31301
bench free_pages_after=31301
bench correctness=ok
run_return_flags=0x0000000000000000
run_process_state=exited
run_thread_state=finished
run_exit_code=0
os64 % r[K[1Dru[K[2Drun[K[3Drun [K[4Drun /[K[5Drun /b[K[6Drun /bi[K[7Drun /bin[K[8Drun /bin/[K[9Drun /bin/b[K[10Drun /bin/be[K[11Drun /bin/ben[K[12Drun /bin/benc[K[13Drun /bin/bench[K[14Drun /bin/bench [K[15Drun /bin/bench 4[K[16Drun /bin/bench 4 [K[17Drun /bin/bench 4 1[K[18Drun /bin/bench 4 12[K[19Drun /bin/bench 4 120[K[20Drun /bin/bench 4 1200[K[21Drun /bin/bench 4 12000[K[22Drun /bin/bench 4 120000[K[23Drun /bin/bench 4 1200000[K[24Drun /bin/bench 4 12000000[K[25Drun /bin/bench 4 120000000[K[26Drun /bin/bench 4 120000000 [K[27Drun /bin/bench 4 120000000 0[K
run_path=/bin/bench
run_resolved_path=/bin/bench
run_inode=11
run_pid=106
run_tid=107
run_entry=0x00000000004000B0
run_stack_top=0x0000000000800000
run_segment_count=2
run_page_count=2
bench workers=4
bench iterations_per_worker=120000000
bench yield_every=0
bench elapsed_ticks=78
bench timer_hz=100
bench context_switches=145
bench preempt_requests=140
bench checksum8_sum=409
bench free_pages_before=31301
bench free_pages_after=31301
bench correctness=ok
run_return_flags=0x0000000000000000
run_process_state=exited
run_thread_state=finished
run_exit_code=0
os64 % r[K[1Dru[K[2Drun[K[3Drun [K[4Drun /[K[5Drun /b[K[6Drun /bi[K[7Drun /bin[K[8Drun /bin/[K[9Drun /bin/b[K[10Drun /bin/be[K[11Drun /bin/ben[K[12Drun /bin/benc[K[13Drun /bin/bench[K[14Drun /bin/bench [K[15Drun /bin/bench 4[K[16Drun /bin/bench 4 [K[17Drun /bin/bench 4 1[K[18Drun /bin/bench 4 12[K[19Drun /bin/bench 4 120[K[20Drun /bin/bench 4 1200[K[21Drun /bin/bench 4 12000[K[22Drun /bin/bench 4 120000[K[23Drun /bin/bench 4 1200000[K[24Drun /bin/bench 4 12000000[K[25Drun /bin/bench 4 120000000[K[26Drun /bin/bench 4 120000000 [K[27Drun /bin/bench 4 120000000 0[K
run_path=/bin/bench
run_resolved_path=/bin/bench
run_inode=11
run_pid=111
run_tid=112
run_entry=0x00000000004000B0
run_stack_top=0x0000000000800000
run_segment_count=2
run_page_count=2
bench workers=4
bench iterations_per_worker=120000000
bench yield_every=0
bench elapsed_ticks=52
bench timer_hz=100
bench context_switches=104
bench preempt_requests=98
bench checksum8_sum=409
bench free_pages_before=31301
bench free_pages_after=31301
bench correctness=ok
run_return_flags=0x0000000000000000
run_process_state=exited
run_thread_state=finished
run_exit_code=0
os64 % r[K[1Dru[K[2Drun[K[3Drun [K[4Drun /[K[5Drun /b[K[6Drun /bi[K[7Drun /bin[K[8Drun /bin/[K[9Drun /bin/b[K[10Drun /bin/be[K[11Drun /bin/ben[K[12Drun /bin/benc[K[13Drun /bin/bench[K[14Drun /bin/bench [K[15Drun /bin/bench 4[K[16Drun /bin/bench 4 [K[17Drun /bin/bench 4 1[K[18Drun /bin/bench 4 12[K[19Drun /bin/bench 4 120[K[20Drun /bin/bench 4 1200[K[21Drun /bin/bench 4 12000[K[22Drun /bin/bench 4 120000[K[23Drun /bin/bench 4 1200000[K[24Drun /bin/bench 4 12000000[K[25Drun /bin/bench 4 120000000[K[26Drun /bin/bench 4 120000000 [K[27Drun /bin/bench 4 120000000 0[K
run_path=/bin/bench
run_resolved_path=/bin/bench
run_inode=11
run_pid=116
run_tid=117
run_entry=0x00000000004000B0
run_stack_top=0x0000000000800000
run_segment_count=2
run_page_count=2
bench workers=4
bench iterations_per_worker=120000000
bench yield_every=0
bench elapsed_ticks=99
bench timer_hz=100
bench context_switches=178
bench preempt_requests=174
bench checksum8_sum=409
bench free_pages_before=31301
bench free_pages_after=31301
bench correctness=ok
run_return_flags=0x0000000000000000
run_process_state=exited
run_thread_state=finished
run_exit_code=0
os64 % r[K[1Dru[K[2Drun[K[3Drun [K[4Drun /[K[5Drun /b[K[6Drun /bi[K[7Drun /bin[K[8Drun /bin/[K[9Drun /bin/b[K[10Drun /bin/be[K[11Drun /bin/ben[K[12Drun /bin/benc[K[13Drun /bin/bench[K[14Drun /bin/bench [K[15Drun /bin/bench 1[K[16Drun /bin/bench 12[K[17Drun /bin/bench 12 [K[18Drun /bin/bench 12 4[K[19Drun /bin/bench 12 40[K[20Drun /bin/bench 12 400[K[21Drun /bin/bench 12 4000[K[22Drun /bin/bench 12 40000[K[23Drun /bin/bench 12 400000[K[24Drun /bin/bench 12 4000000[K[25Drun /bin/bench 12 40000000[K[26Drun /bin/bench 12 40000000 [K[27Drun /bin/bench 12 40000000 0[K
run_path=/bin/bench
run_resolved_path=/bin/bench
run_inode=11
run_pid=121
run_tid=122
run_entry=0x00000000004000B0
run_stack_top=0x0000000000800000
run_segment_count=2
run_page_count=2
bench workers=12
bench iterations_per_worker=40000000
bench yield_every=0
bench elapsed_ticks=62
bench timer_hz=100
bench context_switches=109
bench preempt_requests=97
bench checksum8_sum=1273
bench free_pages_before=31301
bench free_pages_after=31301
bench correctness=ok
run_return_flags=0x0000000000000000
run_process_state=exited
run_thread_state=finished
run_exit_code=0
os64 % r[K[1Dru[K[2Drun[K[3Drun [K[4Drun /[K[5Drun /b[K[6Drun /bi[K[7Drun /bin[K[8Drun /bin/[K[9Drun /bin/b[K[10Drun /bin/be[K[11Drun /bin/ben[K[12Drun /bin/benc[K[13Drun /bin/bench[K[14Drun /bin/bench [K[15Drun /bin/bench 1[K[16Drun /bin/bench 12[K[17Drun /bin/bench 12 [K[18Drun /bin/bench 12 4[K[19Drun /bin/bench 12 40[K[20Drun /bin/bench 12 400[K[21Drun /bin/bench 12 4000[K[22Drun /bin/bench 12 40000[K[23Drun /bin/bench 12 400000[K[24Drun /bin/bench 12 4000000[K[25Drun /bin/bench 12 40000000[K[26Drun /bin/bench 12 40000000 [K[27Drun /bin/bench 12 40000000 0[K
run_path=/bin/bench
run_resolved_path=/bin/bench
run_inode=11
run_pid=134
run_tid=135
run_entry=0x00000000004000B0
run_stack_top=0x0000000000800000
run_segment_count=2
run_page_count=2
bench workers=12
bench iterations_per_worker=40000000
bench yield_every=0
bench elapsed_ticks=90
bench timer_hz=100
bench context_switches=161
bench preempt_requests=146
bench checksum8_sum=1273
bench free_pages_before=31301
bench free_pages_after=31301
bench correctness=ok
run_return_flags=0x0000000000000000
run_process_state=exited
run_thread_state=finished
run_exit_code=0
os64 % r[K[1Dru[K[2Drun[K[3Drun [K[4Drun /[K[5Drun /b[K[6Drun /bi[K[7Drun /bin[K[8Drun /bin/[K[9Drun /bin/b[K[10Drun /bin/be[K[11Drun /bin/ben[K[12Drun /bin/benc[K[13Drun /bin/bench[K[14Drun /bin/bench [K[15Drun /bin/bench 1[K[16Drun /bin/bench 12[K[17Drun /bin/bench 12 [K[18Drun /bin/bench 12 4[K[19Drun /bin/bench 12 40[K[20Drun /bin/bench 12 400[K[21Drun /bin/bench 12 4000[K[22Drun /bin/bench 12 40000[K[23Drun /bin/bench 12 400000[K[24Drun /bin/bench 12 4000000[K[25Drun /bin/bench 12 40000000[K[26Drun /bin/bench 12 40000000 [K[27Drun /bin/bench 12 40000000 0[K
run_path=/bin/bench
run_resolved_path=/bin/bench
run_inode=11
run_pid=147
run_tid=148
run_entry=0x00000000004000B0
run_stack_top=0x0000000000800000
run_segment_count=2
run_page_count=2
bench workers=12
bench iterations_per_worker=40000000
bench yield_every=0
bench elapsed_ticks=63
bench timer_hz=100
bench context_switches=119
bench preempt_requests=105
bench checksum8_sum=1273
bench free_pages_before=31301
bench free_pages_after=31301
bench correctness=ok
run_return_flags=0x0000000000000000
run_process_state=exited
run_thread_state=finished
run_exit_code=0
os64 % r[K[1Dru[K[2Drun[K[3Drun [K[4Drun /[K[5Drun /b[K[6Drun /bi[K[7Drun /bin[K[8Drun /bin/[K[9Drun /bin/b[K[10Drun /bin/be[K[11Drun /bin/ben[K[12Drun /bin/benc[K[13Drun /bin/bench[K[14Drun /bin/bench [K[15Drun /bin/bench 1[K[16Drun /bin/bench 12[K[17Drun /bin/bench 12 [K[18Drun /bin/bench 12 4[K[19Drun /bin/bench 12 40[K[20Drun /bin/bench 12 400[K[21Drun /bin/bench 12 4000[K[22Drun /bin/bench 12 40000[K[23Drun /bin/bench 12 400000[K[24Drun /bin/bench 12 4000000[K[25Drun /bin/bench 12 40000000[K[26Drun /bin/bench 12 40000000 [K[27Drun /bin/bench 12 40000000 0[K
run_path=/bin/bench
run_resolved_path=/bin/bench
run_inode=11
run_pid=160
run_tid=161
run_entry=0x00000000004000B0
run_stack_top=0x0000000000800000
run_segment_count=2
run_page_count=2
bench workers=12
bench iterations_per_worker=40000000
bench yield_every=0
bench elapsed_ticks=54
bench timer_hz=100
bench context_switches=102
bench preempt_requests=87
bench checksum8_sum=1273
bench free_pages_before=31301
bench free_pages_after=31301
bench correctness=ok
run_return_flags=0x0000000000000000
run_process_state=exited
run_thread_state=finished
run_exit_code=0
os64 % r[K[1Dru[K[2Drun[K[3Drun [K[4Drun /[K[5Drun /b[K[6Drun /bi[K[7Drun /bin[K[8Drun /bin/[K[9Drun /bin/b[K[10Drun /bin/be[K[11Drun /bin/ben[K[12Drun /bin/benc[K[13Drun /bin/bench[K[14Drun /bin/bench [K[15Drun /bin/bench 1[K[16Drun /bin/bench 12[K[17Drun /bin/bench 12 [K[18Drun /bin/bench 12 4[K[19Drun /bin/bench 12 40[K[20Drun /bin/bench 12 400[K[21Drun /bin/bench 12 4000[K[22Drun /bin/bench 12 40000[K[23Drun /bin/bench 12 400000[K[24Drun /bin/bench 12 4000000[K[25Drun /bin/bench 12 40000000[K[26Drun /bin/bench 12 40000000 [K[27Drun /bin/bench 12 40000000 0[K
run_path=/bin/bench
run_resolved_path=/bin/bench
run_inode=11
run_pid=173
run_tid=174
run_entry=0x00000000004000B0
run_stack_top=0x0000000000800000
run_segment_count=2
run_page_count=2
bench workers=12
bench iterations_per_worker=40000000
bench yield_every=0
bench elapsed_ticks=49
bench timer_hz=100
bench context_switches=102
bench preempt_requests=88
bench checksum8_sum=1273
bench free_pages_before=31301
bench free_pages_after=31301
bench correctness=ok
run_return_flags=0x0000000000000000
run_process_state=exited
run_thread_state=finished
run_exit_code=0
os64 % r[K[1Dru[K[2Drun[K[3Drun [K[4Drun /[K[5Drun /b[K[6Drun /bi[K[7Drun /bin[K[8Drun /bin/[K[9Drun /bin/b[K[10Drun /bin/be[K[11Drun /bin/ben[K[12Drun /bin/benc[K[13Drun /bin/bench[K[14Drun /bin/bench [K[15Drun /bin/bench 1[K[16Drun /bin/bench 12[K[17Drun /bin/bench 12 [K[18Drun /bin/bench 12 4[K[19Drun /bin/bench 12 40[K[20Drun /bin/bench 12 400[K[21Drun /bin/bench 12 4000[K[22Drun /bin/bench 12 40000[K[23Drun /bin/bench 12 400000[K[24Drun /bin/bench 12 4000000[K[25Drun /bin/bench 12 40000000[K[26Drun /bin/bench 12 40000000 [K[27Drun /bin/bench 12 40000000 0[K
run_path=/bin/bench
run_resolved_path=/bin/bench
run_inode=11
run_pid=186
run_tid=187
run_entry=0x00000000004000B0
run_stack_top=0x0000000000800000
run_segment_count=2
run_page_count=2
bench workers=12
bench iterations_per_worker=40000000
bench yield_every=0
bench elapsed_ticks=76
bench timer_hz=100
bench context_switches=153
bench preempt_requests=138
bench checksum8_sum=1273
bench free_pages_before=31301
bench free_pages_after=31301
bench correctness=ok
run_return_flags=0x0000000000000000
run_process_state=exited
run_thread_state=finished
run_exit_code=0
os64 % r[K[1Dru[K[2Drun[K[3Drun [K[4Drun /[K[5Drun /b[K[6Drun /bi[K[7Drun /bin[K[8Drun /bin/[K[9Drun /bin/b[K[10Drun /bin/be[K[11Drun /bin/ben[K[12Drun /bin/benc[K[13Drun /bin/bench[K[14Drun /bin/bench [K[15Drun /bin/bench 1[K[16Drun /bin/bench 12[K[17Drun /bin/bench 12 [K[18Drun /bin/bench 12 4[K[19Drun /bin/bench 12 40[K[20Drun /bin/bench 12 400[K[21Drun /bin/bench 12 4000[K[22Drun /bin/bench 12 40000[K[23Drun /bin/bench 12 400000[K[24Drun /bin/bench 12 4000000[K[25Drun /bin/bench 12 40000000[K[26Drun /bin/bench 12 40000000 [K[27Drun /bin/bench 12 40000000 0[K
run_path=/bin/bench
run_resolved_path=/bin/bench
run_inode=11
run_pid=199
run_tid=200
run_entry=0x00000000004000B0
run_stack_top=0x0000000000800000
run_segment_count=2
run_page_count=2
bench workers=12
bench iterations_per_worker=40000000
bench yield_every=0
bench elapsed_ticks=49
bench timer_hz=100
bench context_switches=101
bench preempt_requests=86
bench checksum8_sum=1273
bench free_pages_before=31301
bench free_pages_after=31301
bench correctness=ok
run_return_flags=0x0000000000000000
run_process_state=exited
run_thread_state=finished
run_exit_code=0
os64 % r[K[1Dru[K[2Drun[K[3Drun [K[4Drun /[K[5Drun /b[K[6Drun /bi[K[7Drun /bin[K[8Drun /bin/[K[9Drun /bin/b[K[10Drun /bin/be[K[11Drun /bin/ben[K[12Drun /bin/benc[K[13Drun /bin/bench[K[14Drun /bin/bench [K[15Drun /bin/bench 1[K[16Drun /bin/bench 12[K[17Drun /bin/bench 12 [K[18Drun /bin/bench 12 4[K[19Drun /bin/bench 12 40[K[20Drun /bin/bench 12 400[K[21Drun /bin/bench 12 4000[K[22Drun /bin/bench 12 40000[K[23Drun /bin/bench 12 400000[K[24Drun /bin/bench 12 4000000[K[25Drun /bin/bench 12 40000000[K[26Drun /bin/bench 12 40000000 [K[27Drun /bin/bench 12 40000000 0[K
run_path=/bin/bench
run_resolved_path=/bin/bench
run_inode=11
run_pid=212
run_tid=213
run_entry=0x00000000004000B0
run_stack_top=0x0000000000800000
run_segment_count=2
run_page_count=2
bench workers=12
bench iterations_per_worker=40000000
bench yield_every=0
bench elapsed_ticks=60
bench timer_hz=100
bench context_switches=112
bench preempt_requests=98
bench checksum8_sum=1273
bench free_pages_before=31301
bench free_pages_after=31301
bench correctness=ok
run_return_flags=0x0000000000000000
run_process_state=exited
run_thread_state=finished
run_exit_code=0
os64 % r[K[1Dru[K[2Drun[K[3Drun [K[4Drun /[K[5Drun /b[K[6Drun /bi[K[7Drun /bin[K[8Drun /bin/[K[9Drun /bin/b[K[10Drun /bin/be[K[11Drun /bin/ben[K[12Drun /bin/benc[K[13Drun /bin/bench[K[14Drun /bin/bench [K[15Drun /bin/bench 1[K[16Drun /bin/bench 12[K[17Drun /bin/bench 12 [K[18Drun /bin/bench 12 4[K[19Drun /bin/bench 12 40[K[20Drun /bin/bench 12 400[K[21Drun /bin/bench 12 4000[K[22Drun /bin/bench 12 40000[K[23Drun /bin/bench 12 400000[K[24Drun /bin/bench 12 4000000[K[25Drun /bin/bench 12 40000000[K[26Drun /bin/bench 12 40000000 [K[27Drun /bin/bench 12 40000000 0[K
run_path=/bin/bench
run_resolved_path=/bin/bench
run_inode=11
run_pid=225
run_tid=226
run_entry=0x00000000004000B0
run_stack_top=0x0000000000800000
run_segment_count=2
run_page_count=2
bench workers=12
bench iterations_per_worker=40000000
bench yield_every=0
bench elapsed_ticks=55
bench timer_hz=100
bench context_switches=101
bench preempt_requests=87
bench checksum8_sum=1273
bench free_pages_before=31301
bench free_pages_after=31301
bench correctness=ok
run_return_flags=0x0000000000000000
run_process_state=exited
run_thread_state=finished
run_exit_code=0
os64 % r[K[1Dru[K[2Drun[K[3Drun [K[4Drun /[K[5Drun /b[K[6Drun /bi[K[7Drun /bin[K[8Drun /bin/[K[9Drun /bin/b[K[10Drun /bin/be[K[11Drun /bin/ben[K[12Drun /bin/benc[K[13Drun /bin/bench[K[14Drun /bin/bench [K[15Drun /bin/bench 1[K[16Drun /bin/bench 12[K[17Drun /bin/bench 12 [K[18Drun /bin/bench 12 4[K[19Drun /bin/bench 12 40[K[20Drun /bin/bench 12 400[K[21Drun /bin/bench 12 4000[K[22Drun /bin/bench 12 40000[K[23Drun /bin/bench 12 400000[K[24Drun /bin/bench 12 4000000[K[25Drun /bin/bench 12 40000000[K[26Drun /bin/bench 12 40000000 [K[27Drun /bin/bench 12 40000000 0[K
run_path=/bin/bench
run_resolved_path=/bin/bench
run_inode=11
run_pid=238
run_tid=239
run_entry=0x00000000004000B0
run_stack_top=0x0000000000800000
run_segment_count=2
run_page_count=2
bench workers=12
bench iterations_per_worker=40000000
bench yield_every=0
bench elapsed_ticks=47
bench timer_hz=100
bench context_switches=98
bench preempt_requests=84
bench checksum8_sum=1273
bench free_pages_before=31301
bench free_pages_after=31301
bench correctness=ok
run_return_flags=0x0000000000000000
run_process_state=exited
run_thread_state=finished
run_exit_code=0
os64 % r[K[1Dru[K[2Drun[K[3Drun [K[4Drun /[K[5Drun /b[K[6Drun /bi[K[7Drun /bin[K[8Drun /bin/[K[9Drun /bin/b[K[10Drun /bin/be[K[11Drun /bin/ben[K[12Drun /bin/benc[K[13Drun /bin/bench[K[14Drun /bin/bench [K[15Drun /bin/bench 1[K[16Drun /bin/bench 12[K[17Drun /bin/bench 12 [K[18Drun /bin/bench 12 4[K[19Drun /bin/bench 12 40[K[20Drun /bin/bench 12 400[K[21Drun /bin/bench 12 4000[K[22Drun /bin/bench 12 40000[K[23Drun /bin/bench 12 400000[K[24Drun /bin/bench 12 4000000[K[25Drun /bin/bench 12 40000000[K[26Drun /bin/bench 12 40000000 [K[27Drun /bin/bench 12 40000000 0[K
run_path=/bin/bench
run_resolved_path=/bin/bench
run_inode=11
run_pid=251
run_tid=252
run_entry=0x00000000004000B0
run_stack_top=0x0000000000800000
run_segment_count=2
run_page_count=2
bench workers=12
bench iterations_per_worker=40000000
bench yield_every=0
bench elapsed_ticks=50
bench timer_hz=100
bench context_switches=104
bench preempt_requests=89
bench checksum8_sum=1273
bench free_pages_before=31301
bench free_pages_after=31301
bench correctness=ok
run_return_flags=0x0000000000000000
run_process_state=exited
run_thread_state=finished
run_exit_code=0
os64 % r[K[1Dru[K[2Drun[K[3Drun [K[4Drun /[K[5Drun /b[K[6Drun /bi[K[7Drun /bin[K[8Drun /bin/[K[9Drun /bin/b[K[10Drun /bin/be[K[11Drun /bin/ben[K[12Drun /bin/benc[K[13Drun /bin/bench[K[14Drun /bin/bench [K[15Drun /bin/bench 1[K[16Drun /bin/bench 12[K[17Drun /bin/bench 12 [K[18Drun /bin/bench 12 4[K[19Drun /bin/bench 12 40[K[20Drun /bin/bench 12 400[K[21Drun /bin/bench 12 4000[K[22Drun /bin/bench 12 40000[K[23Drun /bin/bench 12 400000[K[24Drun /bin/bench 12 4000000[K[25Drun /bin/bench 12 40000000[K[26Drun /bin/bench 12 40000000 [K[27Drun /bin/bench 12 40000000 0[K
run_path=/bin/bench
run_resolved_path=/bin/bench
run_inode=11
run_pid=264
run_tid=265
run_entry=0x00000000004000B0
run_stack_top=0x0000000000800000
run_segment_count=2
run_page_count=2
bench workers=12
bench iterations_per_worker=40000000
bench yield_every=0
bench elapsed_ticks=44
bench timer_hz=100
bench context_switches=88
bench preempt_requests=74
bench checksum8_sum=1273
bench free_pages_before=31301
bench free_pages_after=31301
bench correctness=ok
run_return_flags=0x0000000000000000
run_process_state=exited
run_thread_state=finished
run_exit_code=0
os64 % r[K[1Dru[K[2Drun[K[3Drun [K[4Drun /[K[5Drun /b[K[6Drun /bi[K[7Drun /bin[K[8Drun /bin/[K[9Drun /bin/b[K[10Drun /bin/be[K[11Drun /bin/ben[K[12Drun /bin/benc[K[13Drun /bin/bench[K[14Drun /bin/bench [K[15Drun /bin/bench 1[K[16Drun /bin/bench 12[K[17Drun /bin/bench 12 [K[18Drun /bin/bench 12 4[K[19Drun /bin/bench 12 40[K[20Drun /bin/bench 12 400[K[21Drun /bin/bench 12 4000[K[22Drun /bin/bench 12 40000[K[23Drun /bin/bench 12 400000[K[24Drun /bin/bench 12 4000000[K[25Drun /bin/bench 12 40000000[K[26Drun /bin/bench 12 40000000 [K[27Drun /bin/bench 12 40000000 0[K
run_path=/bin/bench
run_resolved_path=/bin/bench
run_inode=11
run_pid=277
run_tid=278
run_entry=0x00000000004000B0
run_stack_top=0x0000000000800000
run_segment_count=2
run_page_count=2
bench workers=12
bench iterations_per_worker=40000000
bench yield_every=0
bench elapsed_ticks=39
bench timer_hz=100
bench context_switches=84
bench preempt_requests=70
bench checksum8_sum=1273
bench free_pages_before=31301
bench free_pages_after=31301
bench correctness=ok
run_return_flags=0x0000000000000000
run_process_state=exited
run_thread_state=finished
run_exit_code=0
os64 % r[K[1Dru[K[2Drun[K[3Drun [K[4Drun /[K[5Drun /b[K[6Drun /bi[K[7Drun /bin[K[8Drun /bin/[K[9Drun /bin/b[K[10Drun /bin/be[K[11Drun /bin/ben[K[12Drun /bin/benc[K[13Drun /bin/bench[K[14Drun /bin/bench [K[15Drun /bin/bench 1[K[16Drun /bin/bench 12[K[17Drun /bin/bench 12 [K[18Drun /bin/bench 12 4[K[19Drun /bin/bench 12 40[K[20Drun /bin/bench 12 400[K[21Drun /bin/bench 12 4000[K[22Drun /bin/bench 12 40000[K[23Drun /bin/bench 12 400000[K[24Drun /bin/bench 12 4000000[K[25Drun /bin/bench 12 40000000[K[26Drun /bin/bench 12 40000000 [K[27Drun /bin/bench 12 40000000 0[K
run_path=/bin/bench
run_resolved_path=/bin/bench
run_inode=11
run_pid=290
run_tid=291
run_entry=0x00000000004000B0
run_stack_top=0x0000000000800000
run_segment_count=2
run_page_count=2
bench workers=12
bench iterations_per_worker=40000000
bench yield_every=0
bench elapsed_ticks=39
bench timer_hz=100
bench context_switches=85
bench preempt_requests=70
bench checksum8_sum=1273
bench free_pages_before=31301
bench free_pages_after=31301
bench correctness=ok
run_return_flags=0x0000000000000000
run_process_state=exited
run_thread_state=finished
run_exit_code=0
os64 % r[K[1Dru[K[2Drun[K[3Drun [K[4Drun /[K[5Drun /b[K[6Drun /bi[K[7Drun /bin[K[8Drun /bin/[K[9Drun /bin/b[K[10Drun /bin/be[K[11Drun /bin/ben[K[12Drun /bin/benc[K[13Drun /bin/bench[K[14Drun /bin/bench [K[15Drun /bin/bench 1[K[16Drun /bin/bench 12[K[17Drun /bin/bench 12 [K[18Drun /bin/bench 12 4[K[19Drun /bin/bench 12 40[K[20Drun /bin/bench 12 400[K[21Drun /bin/bench 12 4000[K[22Drun /bin/bench 12 40000[K[23Drun /bin/bench 12 400000[K[24Drun /bin/bench 12 4000000[K[25Drun /bin/bench 12 40000000[K[26Drun /bin/bench 12 40000000 [K[27Drun /bin/bench 12 40000000 0[K
run_path=/bin/bench
run_resolved_path=/bin/bench
run_inode=11
run_pid=303
run_tid=304
run_entry=0x00000000004000B0
run_stack_top=0x0000000000800000
run_segment_count=2
run_page_count=2
bench workers=12
bench iterations_per_worker=40000000
bench yield_every=0
bench elapsed_ticks=40
bench timer_hz=100
bench context_switches=86
bench preempt_requests=71
bench checksum8_sum=1273
bench free_pages_before=31301
bench free_pages_after=31301
bench correctness=ok
run_return_flags=0x0000000000000000
run_process_state=exited
run_thread_state=finished
run_exit_code=0
os64 % r[K[1Dru[K[2Drun[K[3Drun [K[4Drun /[K[5Drun /b[K[6Drun /bi[K[7Drun /bin[K[8Drun /bin/[K[9Drun /bin/b[K[10Drun /bin/be[K[11Drun /bin/ben[K[12Drun /bin/benc[K[13Drun /bin/bench[K[14Drun /bin/bench [K[15Drun /bin/bench 1[K[16Drun /bin/bench 12[K[17Drun /bin/bench 12 [K[18Drun /bin/bench 12 4[K[19Drun /bin/bench 12 40[K[20Drun /bin/bench 12 400[K[21Drun /bin/bench 12 4000[K[22Drun /bin/bench 12 40000[K[23Drun /bin/bench 12 400000[K[24Drun /bin/bench 12 4000000[K[25Drun /bin/bench 12 40000000[K[26Drun /bin/bench 12 40000000 [K[27Drun /bin/bench 12 40000000 0[K
run_path=/bin/bench
run_resolved_path=/bin/bench
run_inode=11
run_pid=316
run_tid=317
run_entry=0x00000000004000B0
run_stack_top=0x0000000000800000
run_segment_count=2
run_page_count=2
bench workers=12
bench iterations_per_worker=40000000
bench yield_every=0
bench elapsed_ticks=46
bench timer_hz=100
bench context_switches=104
bench preempt_requests=89
bench checksum8_sum=1273
bench free_pages_before=31301
bench free_pages_after=31301
bench correctness=ok
run_return_flags=0x0000000000000000
run_process_state=exited
run_thread_state=finished
run_exit_code=0
os64 % r[K[1Dru[K[2Drun[K[3Drun [K[4Drun /[K[5Drun /b[K[6Drun /bi[K[7Drun /bin[K[8Drun /bin/[K[9Drun /bin/b[K[10Drun /bin/be[K[11Drun /bin/ben[K[12Drun /bin/benc[K[13Drun /bin/bench[K[14Drun /bin/bench [K[15Drun /bin/bench 1[K[16Drun /bin/bench 12[K[17Drun /bin/bench 12 [K[18Drun /bin/bench 12 4[K[19Drun /bin/bench 12 40[K[20Drun /bin/bench 12 400[K[21Drun /bin/bench 12 4000[K[22Drun /bin/bench 12 40000[K[23Drun /bin/bench 12 400000[K[24Drun /bin/bench 12 4000000[K[25Drun /bin/bench 12 40000000[K[26Drun /bin/bench 12 40000000 [K[27Drun /bin/bench 12 40000000 0[K
run_path=/bin/bench
run_resolved_path=/bin/bench
run_inode=11
run_pid=329
run_tid=330
run_entry=0x00000000004000B0
run_stack_top=0x0000000000800000
run_segment_count=2
run_page_count=2
bench workers=12
bench iterations_per_worker=40000000
bench yield_every=0
bench elapsed_ticks=40
bench timer_hz=100
bench context_switches=82
bench preempt_requests=69
bench checksum8_sum=1273
bench free_pages_before=31301
bench free_pages_after=31301
bench correctness=ok
run_return_flags=0x0000000000000000
run_process_state=exited
run_thread_state=finished
run_exit_code=0
os64 % r[K[1Dru[K[2Drun[K[3Drun [K[4Drun /[K[5Drun /b[K[6Drun /bi[K[7Drun /bin[K[8Drun /bin/[K[9Drun /bin/b[K[10Drun /bin/be[K[11Drun /bin/ben[K[12Drun /bin/benc[K[13Drun /bin/bench[K[14Drun /bin/bench [K[15Drun /bin/bench 4[K[16Drun /bin/bench 4 [K[17Drun /bin/bench 4 1[K[18Drun /bin/bench 4 12[K[19Drun /bin/bench 4 120[K[20Drun /bin/bench 4 1200[K[21Drun /bin/bench 4 12000[K[22Drun /bin/bench 4 120000[K[23Drun /bin/bench 4 1200000[K[24Drun /bin/bench 4 12000000[K[25Drun /bin/bench 4 120000000[K[26Drun /bin/bench 4 120000000 [K[27Drun /bin/bench 4 120000000 6[K[28Drun /bin/bench 4 120000000 65[K[29Drun /bin/bench 4 120000000 655[K[30Drun /bin/bench 4 120000000 6553[K[31Drun /bin/bench 4 120000000 65536[K
run_path=/bin/bench
run_resolved_path=/bin/bench
run_inode=11
run_pid=342
run_tid=343
run_entry=0x00000000004000B0
run_stack_top=0x0000000000800000
run_segment_count=2
run_page_count=2
bench workers=4
bench iterations_per_worker=120000000
bench yield_every=65536
bench elapsed_ticks=41
bench timer_hz=100
bench context_switches=7393
bench preempt_requests=86
bench checksum8_sum=409
bench free_pages_before=31301
bench free_pages_after=31301
bench correctness=ok
run_return_flags=0x0000000000000000
run_process_state=exited
run_thread_state=finished
run_exit_code=0
os64 % r[K[1Dru[K[2Drun[K[3Drun [K[4Drun /[K[5Drun /b[K[6Drun /bi[K[7Drun /bin[K[8Drun /bin/[K[9Drun /bin/b[K[10Drun /bin/be[K[11Drun /bin/ben[K[12Drun /bin/benc[K[13Drun /bin/bench[K[14Drun /bin/bench [K[15Drun /bin/bench 4[K[16Drun /bin/bench 4 [K[17Drun /bin/bench 4 1[K[18Drun /bin/bench 4 12[K[19Drun /bin/bench 4 120[K[20Drun /bin/bench 4 1200[K[21Drun /bin/bench 4 12000[K[22Drun /bin/bench 4 120000[K[23Drun /bin/bench 4 1200000[K[24Drun /bin/bench 4 12000000[K[25Drun /bin/bench 4 120000000[K[26Drun /bin/bench 4 120000000 [K[27Drun /bin/bench 4 120000000 6[K[28Drun /bin/bench 4 120000000 65[K[29Drun /bin/bench 4 120000000 655[K[30Drun /bin/bench 4 120000000 6553[K[31Drun /bin/bench 4 120000000 65536[K
run_path=/bin/bench
run_resolved_path=/bin/bench
run_inode=11
run_pid=347
run_tid=348
run_entry=0x00000000004000B0
run_stack_top=0x0000000000800000
run_segment_count=2
run_page_count=2
bench workers=4
bench iterations_per_worker=120000000
bench yield_every=65536
bench elapsed_ticks=41
bench timer_hz=100
bench context_switches=7380
bench preempt_requests=84
bench checksum8_sum=409
bench free_pages_before=31301
bench free_pages_after=31301
bench correctness=ok
run_return_flags=0x0000000000000000
run_process_state=exited
run_thread_state=finished
run_exit_code=0
os64 % r[K[1Dru[K[2Drun[K[3Drun [K[4Drun /[K[5Drun /b[K[6Drun /bi[K[7Drun /bin[K[8Drun /bin/[K[9Drun /bin/b[K[10Drun /bin/be[K[11Drun /bin/ben[K[12Drun /bin/benc[K[13Drun /bin/bench[K[14Drun /bin/bench [K[15Drun /bin/bench 4[K[16Drun /bin/bench 4 [K[17Drun /bin/bench 4 1[K[18Drun /bin/bench 4 12[K[19Drun /bin/bench 4 120[K[20Drun /bin/bench 4 1200[K[21Drun /bin/bench 4 12000[K[22Drun /bin/bench 4 120000[K[23Drun /bin/bench 4 1200000[K[24Drun /bin/bench 4 12000000[K[25Drun /bin/bench 4 120000000[K[26Drun /bin/bench 4 120000000 [K[27Drun /bin/bench 4 120000000 6[K[28Drun /bin/bench 4 120000000 65[K[29Drun /bin/bench 4 120000000 655[K[30Drun /bin/bench 4 120000000 6553[K[31Drun /bin/bench 4 120000000 65536[K
run_path=/bin/bench
run_resolved_path=/bin/bench
run_inode=11
run_pid=352
run_tid=353
run_entry=0x00000000004000B0
run_stack_top=0x0000000000800000
run_segment_count=2
run_page_count=2
bench workers=4
bench iterations_per_worker=120000000
bench yield_every=65536
bench elapsed_ticks=42
bench timer_hz=100
bench context_switches=7393
bench preempt_requests=86
bench checksum8_sum=409
bench free_pages_before=31301
bench free_pages_after=31301
bench correctness=ok
run_return_flags=0x0000000000000000
run_process_state=exited
run_thread_state=finished
run_exit_code=0
os64 % r[K[1Dru[K[2Drun[K[3Drun [K[4Drun /[K[5Drun /b[K[6Drun /bi[K[7Drun /bin[K[8Drun /bin/[K[9Drun /bin/b[K[10Drun /bin/be[K[11Drun /bin/ben[K[12Drun /bin/benc[K[13Drun /bin/bench[K[14Drun /bin/bench [K[15Drun /bin/bench 4[K[16Drun /bin/bench 4 [K[17Drun /bin/bench 4 1[K[18Drun /bin/bench 4 12[K[19Drun /bin/bench 4 120[K[20Drun /bin/bench 4 1200[K[21Drun /bin/bench 4 12000[K[22Drun /bin/bench 4 120000[K[23Drun /bin/bench 4 1200000[K[24Drun /bin/bench 4 12000000[K[25Drun /bin/bench 4 120000000[K[26Drun /bin/bench 4 120000000 [K[27Drun /bin/bench 4 120000000 6[K[28Drun /bin/bench 4 120000000 65[K[29Drun /bin/bench 4 120000000 655[K[30Drun /bin/bench 4 120000000 6553[K[31Drun /bin/bench 4 120000000 65536[K
run_path=/bin/bench
run_resolved_path=/bin/bench
run_inode=11
run_pid=357
run_tid=358
run_entry=0x00000000004000B0
run_stack_top=0x0000000000800000
run_segment_count=2
run_page_count=2
bench workers=4
bench iterations_per_worker=120000000
bench yield_every=65536
bench elapsed_ticks=47
bench timer_hz=100
bench context_switches=7388
bench preempt_requests=92
bench checksum8_sum=409
bench free_pages_before=31301
bench free_pages_after=31301
bench correctness=ok
run_return_flags=0x0000000000000000
run_process_state=exited
run_thread_state=finished
run_exit_code=0
os64 % r[K[1Dru[K[2Drun[K[3Drun [K[4Drun /[K[5Drun /b[K[6Drun /bi[K[7Drun /bin[K[8Drun /bin/[K[9Drun /bin/b[K[10Drun /bin/be[K[11Drun /bin/ben[K[12Drun /bin/benc[K[13Drun /bin/bench[K[14Drun /bin/bench [K[15Drun /bin/bench 4[K[16Drun /bin/bench 4 [K[17Drun /bin/bench 4 1[K[18Drun /bin/bench 4 12[K[19Drun /bin/bench 4 120[K[20Drun /bin/bench 4 1200[K[21Drun /bin/bench 4 12000[K[22Drun /bin/bench 4 120000[K[23Drun /bin/bench 4 1200000[K[24Drun /bin/bench 4 12000000[K[25Drun /bin/bench 4 120000000[K[26Drun /bin/bench 4 120000000 [K[27Drun /bin/bench 4 120000000 6[K[28Drun /bin/bench 4 120000000 65[K[29Drun /bin/bench 4 120000000 655[K[30Drun /bin/bench 4 120000000 6553[K[31Drun /bin/bench 4 120000000 65536[K
run_path=/bin/bench
run_resolved_path=/bin/bench
run_inode=11
run_pid=362
run_tid=363
run_entry=0x00000000004000B0
run_stack_top=0x0000000000800000
run_segment_count=2
run_page_count=2
bench workers=4
bench iterations_per_worker=120000000
bench yield_every=65536
bench elapsed_ticks=45
bench timer_hz=100
bench context_switches=7391
bench preempt_requests=90
bench checksum8_sum=409
bench free_pages_before=31301
bench free_pages_after=31301
bench correctness=ok
run_return_flags=0x0000000000000000
run_process_state=exited
run_thread_state=finished
run_exit_code=0
os64 % r[K[1Dru[K[2Drun[K[3Drun [K[4Drun /[K[5Drun /b[K[6Drun /bi[K[7Drun /bin[K[8Drun /bin/[K[9Drun /bin/b[K[10Drun /bin/be[K[11Drun /bin/ben[K[12Drun /bin/benc[K[13Drun /bin/bench[K[14Drun /bin/bench [K[15Drun /bin/bench 4[K[16Drun /bin/bench 4 [K[17Drun /bin/bench 4 1[K[18Drun /bin/bench 4 12[K[19Drun /bin/bench 4 120[K[20Drun /bin/bench 4 1200[K[21Drun /bin/bench 4 12000[K[22Drun /bin/bench 4 120000[K[23Drun /bin/bench 4 1200000[K[24Drun /bin/bench 4 12000000[K[25Drun /bin/bench 4 120000000[K[26Drun /bin/bench 4 120000000 [K[27Drun /bin/bench 4 120000000 6[K[28Drun /bin/bench 4 120000000 65[K[29Drun /bin/bench 4 120000000 655[K[30Drun /bin/bench 4 120000000 6553[K[31Drun /bin/bench 4 120000000 65536[K
run_path=/bin/bench
run_resolved_path=/bin/bench
run_inode=11
run_pid=367
run_tid=368
run_entry=0x00000000004000B0
run_stack_top=0x0000000000800000
run_segment_count=2
run_page_count=2
bench workers=4
bench iterations_per_worker=120000000
bench yield_every=65536
bench elapsed_ticks=43
bench timer_hz=100
bench context_switches=7393
bench preempt_requests=88
bench checksum8_sum=409
bench free_pages_before=31301
bench free_pages_after=31301
bench correctness=ok
run_return_flags=0x0000000000000000
run_process_state=exited
run_thread_state=finished
run_exit_code=0
os64 % r[K[1Dru[K[2Drun[K[3Drun [K[4Drun /[K[5Drun /b[K[6Drun /bi[K[7Drun /bin[K[8Drun /bin/[K[9Drun /bin/b[K[10Drun /bin/be[K[11Drun /bin/ben[K[12Drun /bin/benc[K[13Drun /bin/bench[K[14Drun /bin/bench [K[15Drun /bin/bench 4[K[16Drun /bin/bench 4 [K[17Drun /bin/bench 4 1[K[18Drun /bin/bench 4 12[K[19Drun /bin/bench 4 120[K[20Drun /bin/bench 4 1200[K[21Drun /bin/bench 4 12000[K[22Drun /bin/bench 4 120000[K[23Drun /bin/bench 4 1200000[K[24Drun /bin/bench 4 12000000[K[25Drun /bin/bench 4 120000000[K[26Drun /bin/bench 4 120000000 [K[27Drun /bin/bench 4 120000000 6[K[28Drun /bin/bench 4 120000000 65[K[29Drun /bin/bench 4 120000000 655[K[30Drun /bin/bench 4 120000000 6553[K[31Drun /bin/bench 4 120000000 65536[K
run_path=/bin/bench
run_resolved_path=/bin/bench
run_inode=11
run_pid=372
run_tid=373
run_entry=0x00000000004000B0
run_stack_top=0x0000000000800000
run_segment_count=2
run_page_count=2
bench workers=4
bench iterations_per_worker=120000000
bench yield_every=65536
bench elapsed_ticks=48
bench timer_hz=100
bench context_switches=7391
bench preempt_requests=99
bench checksum8_sum=409
bench free_pages_before=31301
bench free_pages_after=31301
bench correctness=ok
run_return_flags=0x0000000000000000
run_process_state=exited
run_thread_state=finished
run_exit_code=0
os64 % r[K[1Dru[K[2Drun[K[3Drun [K[4Drun /[K[5Drun /b[K[6Drun /bi[K[7Drun /bin[K[8Drun /bin/[K[9Drun /bin/b[K[10Drun /bin/be[K[11Drun /bin/ben[K[12Drun /bin/benc[K[13Drun /bin/bench[K[14Drun /bin/bench [K[15Drun /bin/bench 4[K[16Drun /bin/bench 4 [K[17Drun /bin/bench 4 1[K[18Drun /bin/bench 4 12[K[19Drun /bin/bench 4 120[K[20Drun /bin/bench 4 1200[K[21Drun /bin/bench 4 12000[K[22Drun /bin/bench 4 120000[K[23Drun /bin/bench 4 1200000[K[24Drun /bin/bench 4 12000000[K[25Drun /bin/bench 4 120000000[K[26Drun /bin/bench 4 120000000 [K[27Drun /bin/bench 4 120000000 6[K[28Drun /bin/bench 4 120000000 65[K[29Drun /bin/bench 4 120000000 655[K[30Drun /bin/bench 4 120000000 6553[K[31Drun /bin/bench 4 120000000 65536[K
run_path=/bin/bench
run_resolved_path=/bin/bench
run_inode=11
run_pid=377
run_tid=378
run_entry=0x00000000004000B0
run_stack_top=0x0000000000800000
run_segment_count=2
run_page_count=2
bench workers=4
bench iterations_per_worker=120000000
bench yield_every=65536
bench elapsed_ticks=48
bench timer_hz=100
bench context_switches=7400
bench preempt_requests=97
bench checksum8_sum=409
bench free_pages_before=31301
bench free_pages_after=31301
bench correctness=ok
run_return_flags=0x0000000000000000
run_process_state=exited
run_thread_state=finished
run_exit_code=0
os64 % r[K[1Dru[K[2Drun[K[3Drun [K[4Drun /[K[5Drun /b[K[6Drun /bi[K[7Drun /bin[K[8Drun /bin/[K[9Drun /bin/b[K[10Drun /bin/be[K[11Drun /bin/ben[K[12Drun /bin/benc[K[13Drun /bin/bench[K[14Drun /bin/bench [K[15Drun /bin/bench 4[K[16Drun /bin/bench 4 [K[17Drun /bin/bench 4 1[K[18Drun /bin/bench 4 12[K[19Drun /bin/bench 4 120[K[20Drun /bin/bench 4 1200[K[21Drun /bin/bench 4 12000[K[22Drun /bin/bench 4 120000[K[23Drun /bin/bench 4 1200000[K[24Drun /bin/bench 4 12000000[K[25Drun /bin/bench 4 120000000[K[26Drun /bin/bench 4 120000000 [K[27Drun /bin/bench 4 120000000 6[K[28Drun /bin/bench 4 120000000 65[K[29Drun /bin/bench 4 120000000 655[K[30Drun /bin/bench 4 120000000 6553[K[31Drun /bin/bench 4 120000000 65536[K
run_path=/bin/bench
run_resolved_path=/bin/bench
run_inode=11
run_pid=382
run_tid=383
run_entry=0x00000000004000B0
run_stack_top=0x0000000000800000
run_segment_count=2
run_page_count=2
bench workers=4
bench iterations_per_worker=120000000
bench yield_every=65536
bench elapsed_ticks=45
bench timer_hz=100
bench context_switches=7392
bench preempt_requests=91
bench checksum8_sum=409
bench free_pages_before=31301
bench free_pages_after=31301
bench correctness=ok
run_return_flags=0x0000000000000000
run_process_state=exited
run_thread_state=finished
run_exit_code=0
os64 % r[K[1Dru[K[2Drun[K[3Drun [K[4Drun /[K[5Drun /b[K[6Drun /bi[K[7Drun /bin[K[8Drun /bin/[K[9Drun /bin/b[K[10Drun /bin/be[K[11Drun /bin/ben[K[12Drun /bin/benc[K[13Drun /bin/bench[K[14Drun /bin/bench [K[15Drun /bin/bench 4[K[16Drun /bin/bench 4 [K[17Drun /bin/bench 4 1[K[18Drun /bin/bench 4 12[K[19Drun /bin/bench 4 120[K[20Drun /bin/bench 4 1200[K[21Drun /bin/bench 4 12000[K[22Drun /bin/bench 4 120000[K[23Drun /bin/bench 4 1200000[K[24Drun /bin/bench 4 12000000[K[25Drun /bin/bench 4 120000000[K[26Drun /bin/bench 4 120000000 [K[27Drun /bin/bench 4 120000000 6[K[28Drun /bin/bench 4 120000000 65[K[29Drun /bin/bench 4 120000000 655[K[30Drun /bin/bench 4 120000000 6553[K[31Drun /bin/bench 4 120000000 65536[K
run_path=/bin/bench
run_resolved_path=/bin/bench
run_inode=11
run_pid=387
run_tid=388
run_entry=0x00000000004000B0
run_stack_top=0x0000000000800000
run_segment_count=2
run_page_count=2
bench workers=4
bench iterations_per_worker=120000000
bench yield_every=65536
bench elapsed_ticks=42
bench timer_hz=100
bench context_switches=7388
bench preempt_requests=85
bench checksum8_sum=409
bench free_pages_before=31301
bench free_pages_after=31301
bench correctness=ok
run_return_flags=0x0000000000000000
run_process_state=exited
run_thread_state=finished
run_exit_code=0
os64 % r[K[1Dru[K[2Drun[K[3Drun [K[4Drun /[K[5Drun /b[K[6Drun /bi[K[7Drun /bin[K[8Drun /bin/[K[9Drun /bin/b[K[10Drun /bin/be[K[11Drun /bin/ben[K[12Drun /bin/benc[K[13Drun /bin/bench[K[14Drun /bin/bench [K[15Drun /bin/bench 4[K[16Drun /bin/bench 4 [K[17Drun /bin/bench 4 1[K[18Drun /bin/bench 4 12[K[19Drun /bin/bench 4 120[K[20Drun /bin/bench 4 1200[K[21Drun /bin/bench 4 12000[K[22Drun /bin/bench 4 120000[K[23Drun /bin/bench 4 1200000[K[24Drun /bin/bench 4 12000000[K[25Drun /bin/bench 4 120000000[K[26Drun /bin/bench 4 120000000 [K[27Drun /bin/bench 4 120000000 6[K[28Drun /bin/bench 4 120000000 65[K[29Drun /bin/bench 4 120000000 655[K[30Drun /bin/bench 4 120000000 6553[K[31Drun /bin/bench 4 120000000 65536[K
run_path=/bin/bench
run_resolved_path=/bin/bench
run_inode=11
run_pid=392
run_tid=393
run_entry=0x00000000004000B0
run_stack_top=0x0000000000800000
run_segment_count=2
run_page_count=2
bench workers=4
bench iterations_per_worker=120000000
bench yield_every=65536
bench elapsed_ticks=42
bench timer_hz=100
bench context_switches=7383
bench preempt_requests=85
bench checksum8_sum=409
bench free_pages_before=31301
bench free_pages_after=31301
bench correctness=ok
run_return_flags=0x0000000000000000
run_process_state=exited
run_thread_state=finished
run_exit_code=0
os64 % r[K[1Dru[K[2Drun[K[3Drun [K[4Drun /[K[5Drun /b[K[6Drun /bi[K[7Drun /bin[K[8Drun /bin/[K[9Drun /bin/b[K[10Drun /bin/be[K[11Drun /bin/ben[K[12Drun /bin/benc[K[13Drun /bin/bench[K[14Drun /bin/bench [K[15Drun /bin/bench 4[K[16Drun /bin/bench 4 [K[17Drun /bin/bench 4 1[K[18Drun /bin/bench 4 12[K[19Drun /bin/bench 4 120[K[20Drun /bin/bench 4 1200[K[21Drun /bin/bench 4 12000[K[22Drun /bin/bench 4 120000[K[23Drun /bin/bench 4 1200000[K[24Drun /bin/bench 4 12000000[K[25Drun /bin/bench 4 120000000[K[26Drun /bin/bench 4 120000000 [K[27Drun /bin/bench 4 120000000 6[K[28Drun /bin/bench 4 120000000 65[K[29Drun /bin/bench 4 120000000 655[K[30Drun /bin/bench 4 120000000 6553[K[31Drun /bin/bench 4 120000000 65536[K
run_path=/bin/bench
run_resolved_path=/bin/bench
run_inode=11
run_pid=397
run_tid=398
run_entry=0x00000000004000B0
run_stack_top=0x0000000000800000
run_segment_count=2
run_page_count=2
bench workers=4
bench iterations_per_worker=120000000
bench yield_every=65536
bench elapsed_ticks=41
bench timer_hz=100
bench context_switches=7393
bench preempt_requests=85
bench checksum8_sum=409
bench free_pages_before=31301
bench free_pages_after=31301
bench correctness=ok
run_return_flags=0x0000000000000000
run_process_state=exited
run_thread_state=finished
run_exit_code=0
os64 % r[K[1Dru[K[2Drun[K[3Drun [K[4Drun /[K[5Drun /b[K[6Drun /bi[K[7Drun /bin[K[8Drun /bin/[K[9Drun /bin/b[K[10Drun /bin/be[K[11Drun /bin/ben[K[12Drun /bin/benc[K[13Drun /bin/bench[K[14Drun /bin/bench [K[15Drun /bin/bench 4[K[16Drun /bin/bench 4 [K[17Drun /bin/bench 4 1[K[18Drun /bin/bench 4 12[K[19Drun /bin/bench 4 120[K[20Drun /bin/bench 4 1200[K[21Drun /bin/bench 4 12000[K[22Drun /bin/bench 4 120000[K[23Drun /bin/bench 4 1200000[K[24Drun /bin/bench 4 12000000[K[25Drun /bin/bench 4 120000000[K[26Drun /bin/bench 4 120000000 [K[27Drun /bin/bench 4 120000000 6[K[28Drun /bin/bench 4 120000000 65[K[29Drun /bin/bench 4 120000000 655[K[30Drun /bin/bench 4 120000000 6553[K[31Drun /bin/bench 4 120000000 65536[K
run_path=/bin/bench
run_resolved_path=/bin/bench
run_inode=11
run_pid=402
run_tid=403
run_entry=0x00000000004000B0
run_stack_top=0x0000000000800000
run_segment_count=2
run_page_count=2
bench workers=4
bench iterations_per_worker=120000000
bench yield_every=65536
bench elapsed_ticks=41
bench timer_hz=100
bench context_switches=7393
bench preempt_requests=86
bench checksum8_sum=409
bench free_pages_before=31301
bench free_pages_after=31301
bench correctness=ok
run_return_flags=0x0000000000000000
run_process_state=exited
run_thread_state=finished
run_exit_code=0
os64 % r[K[1Dru[K[2Drun[K[3Drun [K[4Drun /[K[5Drun /b[K[6Drun /bi[K[7Drun /bin[K[8Drun /bin/[K[9Drun /bin/b[K[10Drun /bin/be[K[11Drun /bin/ben[K[12Drun /bin/benc[K[13Drun /bin/bench[K[14Drun /bin/bench [K[15Drun /bin/bench 4[K[16Drun /bin/bench 4 [K[17Drun /bin/bench 4 1[K[18Drun /bin/bench 4 12[K[19Drun /bin/bench 4 120[K[20Drun /bin/bench 4 1200[K[21Drun /bin/bench 4 12000[K[22Drun /bin/bench 4 120000[K[23Drun /bin/bench 4 1200000[K[24Drun /bin/bench 4 12000000[K[25Drun /bin/bench 4 120000000[K[26Drun /bin/bench 4 120000000 [K[27Drun /bin/bench 4 120000000 6[K[28Drun /bin/bench 4 120000000 65[K[29Drun /bin/bench 4 120000000 655[K[30Drun /bin/bench 4 120000000 6553[K[31Drun /bin/bench 4 120000000 65536[K
run_path=/bin/bench
run_resolved_path=/bin/bench
run_inode=11
run_pid=407
run_tid=408
run_entry=0x00000000004000B0
run_stack_top=0x0000000000800000
run_segment_count=2
run_page_count=2
bench workers=4
bench iterations_per_worker=120000000
bench yield_every=65536
bench elapsed_ticks=43
bench timer_hz=100
bench context_switches=7398
bench preempt_requests=89
bench checksum8_sum=409
bench free_pages_before=31301
bench free_pages_after=31301
bench correctness=ok
run_return_flags=0x0000000000000000
run_process_state=exited
run_thread_state=finished
run_exit_code=0
os64 % r[K[1Dru[K[2Drun[K[3Drun [K[4Drun /[K[5Drun /b[K[6Drun /bi[K[7Drun /bin[K[8Drun /bin/[K[9Drun /bin/b[K[10Drun /bin/be[K[11Drun /bin/ben[K[12Drun /bin/benc[K[13Drun /bin/bench[K[14Drun /bin/bench [K[15Drun /bin/bench 4[K[16Drun /bin/bench 4 [K[17Drun /bin/bench 4 1[K[18Drun /bin/bench 4 12[K[19Drun /bin/bench 4 120[K[20Drun /bin/bench 4 1200[K[21Drun /bin/bench 4 12000[K[22Drun /bin/bench 4 120000[K[23Drun /bin/bench 4 1200000[K[24Drun /bin/bench 4 12000000[K[25Drun /bin/bench 4 120000000[K[26Drun /bin/bench 4 120000000 [K[27Drun /bin/bench 4 120000000 6[K[28Drun /bin/bench 4 120000000 65[K[29Drun /bin/bench 4 120000000 655[K[30Drun /bin/bench 4 120000000 6553[K[31Drun /bin/bench 4 120000000 65536[K
run_path=/bin/bench
run_resolved_path=/bin/bench
run_inode=11
run_pid=412
run_tid=413
run_entry=0x00000000004000B0
run_stack_top=0x0000000000800000
run_segment_count=2
run_page_count=2
bench workers=4
bench iterations_per_worker=120000000
bench yield_every=65536
bench elapsed_ticks=48
bench timer_hz=100
bench context_switches=7393
bench preempt_requests=99
bench checksum8_sum=409
bench free_pages_before=31301
bench free_pages_after=31301
bench correctness=ok
run_return_flags=0x0000000000000000
run_process_state=exited
run_thread_state=finished
run_exit_code=0
os64 % r[K[1Dru[K[2Drun[K[3Drun [K[4Drun /[K[5Drun /b[K[6Drun /bi[K[7Drun /bin[K[8Drun /bin/[K[9Drun /bin/b[K[10Drun /bin/be[K[11Drun /bin/ben[K[12Drun /bin/benc[K[13Drun /bin/bench[K[14Drun /bin/bench [K[15Drun /bin/bench 4[K[16Drun /bin/bench 4 [K[17Drun /bin/bench 4 1[K[18Drun /bin/bench 4 12[K[19Drun /bin/bench 4 120[K[20Drun /bin/bench 4 1200[K[21Drun /bin/bench 4 12000[K[22Drun /bin/bench 4 120000[K[23Drun /bin/bench 4 1200000[K[24Drun /bin/bench 4 12000000[K[25Drun /bin/bench 4 120000000[K[26Drun /bin/bench 4 120000000 [K[27Drun /bin/bench 4 120000000 6[K[28Drun /bin/bench 4 120000000 65[K[29Drun /bin/bench 4 120000000 655[K[30Drun /bin/bench 4 120000000 6553[K[31Drun /bin/bench 4 120000000 65536[K
run_path=/bin/bench
run_resolved_path=/bin/bench
run_inode=11
run_pid=417
run_tid=418
run_entry=0x00000000004000B0
run_stack_top=0x0000000000800000
run_segment_count=2
run_page_count=2
bench workers=4
bench iterations_per_worker=120000000
bench yield_every=65536
bench elapsed_ticks=43
bench timer_hz=100
bench context_switches=7394
bench preempt_requests=88
bench checksum8_sum=409
bench free_pages_before=31301
bench free_pages_after=31301
bench correctness=ok
run_return_flags=0x0000000000000000
run_process_state=exited
run_thread_state=finished
run_exit_code=0
os64 % r[K[1Dru[K[2Drun[K[3Drun [K[4Drun /[K[5Drun /b[K[6Drun /bi[K[7Drun /bin[K[8Drun /bin/[K[9Drun /bin/b[K[10Drun /bin/be[K[11Drun /bin/ben[K[12Drun /bin/benc[K[13Drun /bin/bench[K[14Drun /bin/bench [K[15Drun /bin/bench 4[K[16Drun /bin/bench 4 [K[17Drun /bin/bench 4 1[K[18Drun /bin/bench 4 12[K[19Drun /bin/bench 4 120[K[20Drun /bin/bench 4 1200[K[21Drun /bin/bench 4 12000[K[22Drun /bin/bench 4 120000[K[23Drun /bin/bench 4 1200000[K[24Drun /bin/bench 4 12000000[K[25Drun /bin/bench 4 120000000[K[26Drun /bin/bench 4 120000000 [K[27Drun /bin/bench 4 120000000 6[K[28Drun /bin/bench 4 120000000 65[K[29Drun /bin/bench 4 120000000 655[K[30Drun /bin/bench 4 120000000 6553[K[31Drun /bin/bench 4 120000000 65536[K
run_path=/bin/bench
run_resolved_path=/bin/bench
run_inode=11
run_pid=422
run_tid=423
run_entry=0x00000000004000B0
run_stack_top=0x0000000000800000
run_segment_count=2
run_page_count=2
bench workers=4
bench iterations_per_worker=120000000
bench yield_every=65536
bench elapsed_ticks=43
bench timer_hz=100
bench context_switches=7388
bench preempt_requests=88
bench checksum8_sum=409
bench free_pages_before=31301
bench free_pages_after=31301
bench correctness=ok
run_return_flags=0x0000000000000000
run_process_state=exited
run_thread_state=finished
run_exit_code=0
os64 % r[K[1Dru[K[2Drun[K[3Drun [K[4Drun /[K[5Drun /b[K[6Drun /bi[K[7Drun /bin[K[8Drun /bin/[K[9Drun /bin/b[K[10Drun /bin/be[K[11Drun /bin/ben[K[12Drun /bin/benc[K[13Drun /bin/bench[K[14Drun /bin/bench_[K[15Drun /bin/bench_i[K[16Drun /bin/bench_ip[K[17Drun /bin/bench_ipc[K[18Drun /bin/bench_ipc [K[19Drun /bin/bench_ipc 3[K[20Drun /bin/bench_ipc 33[K[21Drun /bin/bench_ipc 335[K[22Drun /bin/bench_ipc 3355[K[23Drun /bin/bench_ipc 33554[K[24Drun /bin/bench_ipc 335544[K[25Drun /bin/bench_ipc 3355443[K[26Drun /bin/bench_ipc 33554432[K
run_path=/bin/bench_ipc
run_resolved_path=/bin/bench_ipc
run_inode=12
run_pid=427
run_tid=428
run_entry=0x00000000004000B0
run_stack_top=0x0000000000800000
run_segment_count=2
run_page_count=2
ipc bytes=33554432
ipc pipe_capacity=4096
ipc elapsed_ticks=25
ipc timer_hz=100
ipc context_switches=892
ipc free_pages_before=31301
ipc free_pages_after=31301
ipc correctness=ok
run_return_flags=0x0000000000000000
run_process_state=exited
run_thread_state=finished
run_exit_code=0
os64 % r[K[1Dru[K[2Drun[K[3Drun [K[4Drun /[K[5Drun /b[K[6Drun /bi[K[7Drun /bin[K[8Drun /bin/[K[9Drun /bin/b[K[10Drun /bin/be[K[11Drun /bin/ben[K[12Drun /bin/benc[K[13Drun /bin/bench[K[14Drun /bin/bench_[K[15Drun /bin/bench_i[K[16Drun /bin/bench_ip[K[17Drun /bin/bench_ipc[K[18Drun /bin/bench_ipc [K[19Drun /bin/bench_ipc 3[K[20Drun /bin/bench_ipc 33[K[21Drun /bin/bench_ipc 335[K[22Drun /bin/bench_ipc 3355[K[23Drun /bin/bench_ipc 33554[K[24Drun /bin/bench_ipc 335544[K[25Drun /bin/bench_ipc 3355443[K[26Drun /bin/bench_ipc 33554432[K
run_path=/bin/bench_ipc
run_resolved_path=/bin/bench_ipc
run_inode=12
run_pid=429
run_tid=430
run_entry=0x00000000004000B0
run_stack_top=0x0000000000800000
run_segment_count=2
run_page_count=2
ipc bytes=33554432
ipc pipe_capacity=4096
ipc elapsed_ticks=27
ipc timer_hz=100
ipc context_switches=1204
ipc free_pages_before=31301
ipc free_pages_after=31301
ipc correctness=ok
run_return_flags=0x0000000000000000
run_process_state=exited
run_thread_state=finished
run_exit_code=0
os64 % r[K[1Dru[K[2Drun[K[3Drun [K[4Drun /[K[5Drun /b[K[6Drun /bi[K[7Drun /bin[K[8Drun /bin/[K[9Drun /bin/b[K[10Drun /bin/be[K[11Drun /bin/ben[K[12Drun /bin/benc[K[13Drun /bin/bench[K[14Drun /bin/bench_[K[15Drun /bin/bench_i[K[16Drun /bin/bench_ip[K[17Drun /bin/bench_ipc[K[18Drun /bin/bench_ipc [K[19Drun /bin/bench_ipc 3[K[20Drun /bin/bench_ipc 33[K[21Drun /bin/bench_ipc 335[K[22Drun /bin/bench_ipc 3355[K[23Drun /bin/bench_ipc 33554[K[24Drun /bin/bench_ipc 335544[K[25Drun /bin/bench_ipc 3355443[K[26Drun /bin/bench_ipc 33554432[K
run_path=/bin/bench_ipc
run_resolved_path=/bin/bench_ipc
run_inode=12
run_pid=431
run_tid=432
run_entry=0x00000000004000B0
run_stack_top=0x0000000000800000
run_segment_count=2
run_page_count=2
ipc bytes=33554432
ipc pipe_capacity=4096
ipc elapsed_ticks=27
ipc timer_hz=100
ipc context_switches=884
ipc free_pages_before=31301
ipc free_pages_after=31301
ipc correctness=ok
run_return_flags=0x0000000000000000
run_process_state=exited
run_thread_state=finished
run_exit_code=0
os64 % r[K[1Dru[K[2Drun[K[3Drun [K[4Drun /[K[5Drun /b[K[6Drun /bi[K[7Drun /bin[K[8Drun /bin/[K[9Drun /bin/b[K[10Drun /bin/be[K[11Drun /bin/ben[K[12Drun /bin/benc[K[13Drun /bin/bench[K[14Drun /bin/bench_[K[15Drun /bin/bench_i[K[16Drun /bin/bench_ip[K[17Drun /bin/bench_ipc[K[18Drun /bin/bench_ipc [K[19Drun /bin/bench_ipc 3[K[20Drun /bin/bench_ipc 33[K[21Drun /bin/bench_ipc 335[K[22Drun /bin/bench_ipc 3355[K[23Drun /bin/bench_ipc 33554[K[24Drun /bin/bench_ipc 335544[K[25Drun /bin/bench_ipc 3355443[K[26Drun /bin/bench_ipc 33554432[K
run_path=/bin/bench_ipc
run_resolved_path=/bin/bench_ipc
run_inode=12
run_pid=433
run_tid=434
run_entry=0x00000000004000B0
run_stack_top=0x0000000000800000
run_segment_count=2
run_page_count=2
ipc bytes=33554432
ipc pipe_capacity=4096
ipc elapsed_ticks=28
ipc timer_hz=100
ipc context_switches=1064
ipc free_pages_before=31301
ipc free_pages_after=31301
ipc correctness=ok
run_return_flags=0x0000000000000000
run_process_state=exited
run_thread_state=finished
run_exit_code=0
os64 % r[K[1Dru[K[2Drun[K[3Drun [K[4Drun /[K[5Drun /b[K[6Drun /bi[K[7Drun /bin[K[8Drun /bin/[K[9Drun /bin/b[K[10Drun /bin/be[K[11Drun /bin/ben[K[12Drun /bin/benc[K[13Drun /bin/bench[K[14Drun /bin/bench_[K[15Drun /bin/bench_i[K[16Drun /bin/bench_ip[K[17Drun /bin/bench_ipc[K[18Drun /bin/bench_ipc [K[19Drun /bin/bench_ipc 3[K[20Drun /bin/bench_ipc 33[K[21Drun /bin/bench_ipc 335[K[22Drun /bin/bench_ipc 3355[K[23Drun /bin/bench_ipc 33554[K[24Drun /bin/bench_ipc 335544[K[25Drun /bin/bench_ipc 3355443[K[26Drun /bin/bench_ipc 33554432[K
run_path=/bin/bench_ipc
run_resolved_path=/bin/bench_ipc
run_inode=12
run_pid=435
run_tid=436
run_entry=0x00000000004000B0
run_stack_top=0x0000000000800000
run_segment_count=2
run_page_count=2
ipc bytes=33554432
ipc pipe_capacity=4096
ipc elapsed_ticks=28
ipc timer_hz=100
ipc context_switches=1408
ipc free_pages_before=31301
ipc free_pages_after=31301
ipc correctness=ok
run_return_flags=0x0000000000000000
run_process_state=exited
run_thread_state=finished
run_exit_code=0
os64 % r[K[1Dru[K[2Drun[K[3Drun [K[4Drun /[K[5Drun /b[K[6Drun /bi[K[7Drun /bin[K[8Drun /bin/[K[9Drun /bin/b[K[10Drun /bin/be[K[11Drun /bin/ben[K[12Drun /bin/benc[K[13Drun /bin/bench[K[14Drun /bin/bench_[K[15Drun /bin/bench_i[K[16Drun /bin/bench_ip[K[17Drun /bin/bench_ipc[K[18Drun /bin/bench_ipc [K[19Drun /bin/bench_ipc 3[K[20Drun /bin/bench_ipc 33[K[21Drun /bin/bench_ipc 335[K[22Drun /bin/bench_ipc 3355[K[23Drun /bin/bench_ipc 33554[K[24Drun /bin/bench_ipc 335544[K[25Drun /bin/bench_ipc 3355443[K[26Drun /bin/bench_ipc 33554432[K
run_path=/bin/bench_ipc
run_resolved_path=/bin/bench_ipc
run_inode=12
run_pid=437
run_tid=438
run_entry=0x00000000004000B0
run_stack_top=0x0000000000800000
run_segment_count=2
run_page_count=2
ipc bytes=33554432
ipc pipe_capacity=4096
ipc elapsed_ticks=27
ipc timer_hz=100
ipc context_switches=1134
ipc free_pages_before=31301
ipc free_pages_after=31301
ipc correctness=ok
run_return_flags=0x0000000000000000
run_process_state=exited
run_thread_state=finished
run_exit_code=0
os64 % r[K[1Dru[K[2Drun[K[3Drun [K[4Drun /[K[5Drun /b[K[6Drun /bi[K[7Drun /bin[K[8Drun /bin/[K[9Drun /bin/b[K[10Drun /bin/be[K[11Drun /bin/ben[K[12Drun /bin/benc[K[13Drun /bin/bench[K[14Drun /bin/bench_[K[15Drun /bin/bench_i[K[16Drun /bin/bench_ip[K[17Drun /bin/bench_ipc[K[18Drun /bin/bench_ipc [K[19Drun /bin/bench_ipc 3[K[20Drun /bin/bench_ipc 33[K[21Drun /bin/bench_ipc 335[K[22Drun /bin/bench_ipc 3355[K[23Drun /bin/bench_ipc 33554[K[24Drun /bin/bench_ipc 335544[K[25Drun /bin/bench_ipc 3355443[K[26Drun /bin/bench_ipc 33554432[K
run_path=/bin/bench_ipc
run_resolved_path=/bin/bench_ipc
run_inode=12
run_pid=439
run_tid=440
run_entry=0x00000000004000B0
run_stack_top=0x0000000000800000
run_segment_count=2
run_page_count=2
ipc bytes=33554432
ipc pipe_capacity=4096
ipc elapsed_ticks=29
ipc timer_hz=100
ipc context_switches=1192
ipc free_pages_before=31301
ipc free_pages_after=31301
ipc correctness=ok
run_return_flags=0x0000000000000000
run_process_state=exited
run_thread_state=finished
run_exit_code=0
os64 % r[K[1Dru[K[2Drun[K[3Drun [K[4Drun /[K[5Drun /b[K[6Drun /bi[K[7Drun /bin[K[8Drun /bin/[K[9Drun /bin/b[K[10Drun /bin/be[K[11Drun /bin/ben[K[12Drun /bin/benc[K[13Drun /bin/bench[K[14Drun /bin/bench_[K[15Drun /bin/bench_i[K[16Drun /bin/bench_ip[K[17Drun /bin/bench_ipc[K[18Drun /bin/bench_ipc [K[19Drun /bin/bench_ipc 3[K[20Drun /bin/bench_ipc 33[K[21Drun /bin/bench_ipc 335[K[22Drun /bin/bench_ipc 3355[K[23Drun /bin/bench_ipc 33554[K[24Drun /bin/bench_ipc 335544[K[25Drun /bin/bench_ipc 3355443[K[26Drun /bin/bench_ipc 33554432[K
run_path=/bin/bench_ipc
run_resolved_path=/bin/bench_ipc
run_inode=12
run_pid=441
run_tid=442
run_entry=0x00000000004000B0
run_stack_top=0x0000000000800000
run_segment_count=2
run_page_count=2
ipc bytes=33554432
ipc pipe_capacity=4096
ipc elapsed_ticks=41
ipc timer_hz=100
ipc context_switches=2466
ipc free_pages_before=31301
ipc free_pages_after=31301
ipc correctness=ok
run_return_flags=0x0000000000000000
run_process_state=exited
run_thread_state=finished
run_exit_code=0
os64 % r[K[1Dru[K[2Drun[K[3Drun [K[4Drun /[K[5Drun /b[K[6Drun /bi[K[7Drun /bin[K[8Drun /bin/[K[9Drun /bin/b[K[10Drun /bin/be[K[11Drun /bin/ben[K[12Drun /bin/benc[K[13Drun /bin/bench[K[14Drun /bin/bench_[K[15Drun /bin/bench_i[K[16Drun /bin/bench_ip[K[17Drun /bin/bench_ipc[K[18Drun /bin/bench_ipc [K[19Drun /bin/bench_ipc 3[K[20Drun /bin/bench_ipc 33[K[21Drun /bin/bench_ipc 335[K[22Drun /bin/bench_ipc 3355[K[23Drun /bin/bench_ipc 33554[K[24Drun /bin/bench_ipc 335544[K[25Drun /bin/bench_ipc 3355443[K[26Drun /bin/bench_ipc 33554432[K
run_path=/bin/bench_ipc
run_resolved_path=/bin/bench_ipc
run_inode=12
run_pid=443
run_tid=444
run_entry=0x00000000004000B0
run_stack_top=0x0000000000800000
run_segment_count=2
run_page_count=2
ipc bytes=33554432
ipc pipe_capacity=4096
ipc elapsed_ticks=33
ipc timer_hz=100
ipc context_switches=1402
ipc free_pages_before=31301
ipc free_pages_after=31301
ipc correctness=ok
run_return_flags=0x0000000000000000
run_process_state=exited
run_thread_state=finished
run_exit_code=0
os64 % r[K[1Dru[K[2Drun[K[3Drun [K[4Drun /[K[5Drun /b[K[6Drun /bi[K[7Drun /bin[K[8Drun /bin/[K[9Drun /bin/b[K[10Drun /bin/be[K[11Drun /bin/ben[K[12Drun /bin/benc[K[13Drun /bin/bench[K[14Drun /bin/bench_[K[15Drun /bin/bench_i[K[16Drun /bin/bench_ip[K[17Drun /bin/bench_ipc[K[18Drun /bin/bench_ipc [K[19Drun /bin/bench_ipc 3[K[20Drun /bin/bench_ipc 33[K[21Drun /bin/bench_ipc 335[K[22Drun /bin/bench_ipc 3355[K[23Drun /bin/bench_ipc 33554[K[24Drun /bin/bench_ipc 335544[K[25Drun /bin/bench_ipc 3355443[K[26Drun /bin/bench_ipc 33554432[K
run_path=/bin/bench_ipc
run_resolved_path=/bin/bench_ipc
run_inode=12
run_pid=445
run_tid=446
run_entry=0x00000000004000B0
run_stack_top=0x0000000000800000
run_segment_count=2
run_page_count=2
ipc bytes=33554432
ipc pipe_capacity=4096
ipc elapsed_ticks=27
ipc timer_hz=100
ipc context_switches=1288
ipc free_pages_before=31301
ipc free_pages_after=31301
ipc correctness=ok
run_return_flags=0x0000000000000000
run_process_state=exited
run_thread_state=finished
run_exit_code=0
os64 % r[K[1Dru[K[2Drun[K[3Drun [K[4Drun /[K[5Drun /b[K[6Drun /bi[K[7Drun /bin[K[8Drun /bin/[K[9Drun /bin/b[K[10Drun /bin/be[K[11Drun /bin/ben[K[12Drun /bin/benc[K[13Drun /bin/bench[K[14Drun /bin/bench_[K[15Drun /bin/bench_i[K[16Drun /bin/bench_ip[K[17Drun /bin/bench_ipc[K[18Drun /bin/bench_ipc [K[19Drun /bin/bench_ipc 3[K[20Drun /bin/bench_ipc 33[K[21Drun /bin/bench_ipc 335[K[22Drun /bin/bench_ipc 3355[K[23Drun /bin/bench_ipc 33554[K[24Drun /bin/bench_ipc 335544[K[25Drun /bin/bench_ipc 3355443[K[26Drun /bin/bench_ipc 33554432[K
run_path=/bin/bench_ipc
run_resolved_path=/bin/bench_ipc
run_inode=12
run_pid=447
run_tid=448
run_entry=0x00000000004000B0
run_stack_top=0x0000000000800000
run_segment_count=2
run_page_count=2
ipc bytes=33554432
ipc pipe_capacity=4096
ipc elapsed_ticks=26
ipc timer_hz=100
ipc context_switches=918
ipc free_pages_before=31301
ipc free_pages_after=31301
ipc correctness=ok
run_return_flags=0x0000000000000000
run_process_state=exited
run_thread_state=finished
run_exit_code=0
os64 % r[K[1Dru[K[2Drun[K[3Drun [K[4Drun /[K[5Drun /b[K[6Drun /bi[K[7Drun /bin[K[8Drun /bin/[K[9Drun /bin/b[K[10Drun /bin/be[K[11Drun /bin/ben[K[12Drun /bin/benc[K[13Drun /bin/bench[K[14Drun /bin/bench_[K[15Drun /bin/bench_i[K[16Drun /bin/bench_ip[K[17Drun /bin/bench_ipc[K[18Drun /bin/bench_ipc [K[19Drun /bin/bench_ipc 3[K[20Drun /bin/bench_ipc 33[K[21Drun /bin/bench_ipc 335[K[22Drun /bin/bench_ipc 3355[K[23Drun /bin/bench_ipc 33554[K[24Drun /bin/bench_ipc 335544[K[25Drun /bin/bench_ipc 3355443[K[26Drun /bin/bench_ipc 33554432[K
run_path=/bin/bench_ipc
run_resolved_path=/bin/bench_ipc
run_inode=12
run_pid=449
run_tid=450
run_entry=0x00000000004000B0
run_stack_top=0x0000000000800000
run_segment_count=2
run_page_count=2
ipc bytes=33554432
ipc pipe_capacity=4096
ipc elapsed_ticks=27
ipc timer_hz=100
ipc context_switches=1272
ipc free_pages_before=31301
ipc free_pages_after=31301
ipc correctness=ok
run_return_flags=0x0000000000000000
run_process_state=exited
run_thread_state=finished
run_exit_code=0
os64 % r[K[1Dru[K[2Drun[K[3Drun [K[4Drun /[K[5Drun /b[K[6Drun /bi[K[7Drun /bin[K[8Drun /bin/[K[9Drun /bin/b[K[10Drun /bin/be[K[11Drun /bin/ben[K[12Drun /bin/benc[K[13Drun /bin/bench[K[14Drun /bin/bench_[K[15Drun /bin/bench_i[K[16Drun /bin/bench_ip[K[17Drun /bin/bench_ipc[K[18Drun /bin/bench_ipc [K[19Drun /bin/bench_ipc 3[K[20Drun /bin/bench_ipc 33[K[21Drun /bin/bench_ipc 335[K[22Drun /bin/bench_ipc 3355[K[23Drun /bin/bench_ipc 33554[K[24Drun /bin/bench_ipc 335544[K[25Drun /bin/bench_ipc 3355443[K[26Drun /bin/bench_ipc 33554432[K
run_path=/bin/bench_ipc
run_resolved_path=/bin/bench_ipc
run_inode=12
run_pid=451
run_tid=452
run_entry=0x00000000004000B0
run_stack_top=0x0000000000800000
run_segment_count=2
run_page_count=2
ipc bytes=33554432
ipc pipe_capacity=4096
ipc elapsed_ticks=29
ipc timer_hz=100
ipc context_switches=1368
ipc free_pages_before=31301
ipc free_pages_after=31301
ipc correctness=ok
run_return_flags=0x0000000000000000
run_process_state=exited
run_thread_state=finished
run_exit_code=0
os64 % r[K[1Dru[K[2Drun[K[3Drun [K[4Drun /[K[5Drun /b[K[6Drun /bi[K[7Drun /bin[K[8Drun /bin/[K[9Drun /bin/b[K[10Drun /bin/be[K[11Drun /bin/ben[K[12Drun /bin/benc[K[13Drun /bin/bench[K[14Drun /bin/bench_[K[15Drun /bin/bench_i[K[16Drun /bin/bench_ip[K[17Drun /bin/bench_ipc[K[18Drun /bin/bench_ipc [K[19Drun /bin/bench_ipc 3[K[20Drun /bin/bench_ipc 33[K[21Drun /bin/bench_ipc 335[K[22Drun /bin/bench_ipc 3355[K[23Drun /bin/bench_ipc 33554[K[24Drun /bin/bench_ipc 335544[K[25Drun /bin/bench_ipc 3355443[K[26Drun /bin/bench_ipc 33554432[K
run_path=/bin/bench_ipc
run_resolved_path=/bin/bench_ipc
run_inode=12
run_pid=453
run_tid=454
run_entry=0x00000000004000B0
run_stack_top=0x0000000000800000
run_segment_count=2
run_page_count=2
ipc bytes=33554432
ipc pipe_capacity=4096
ipc elapsed_ticks=25
ipc timer_hz=100
ipc context_switches=740
ipc free_pages_before=31301
ipc free_pages_after=31301
ipc correctness=ok
run_return_flags=0x0000000000000000
run_process_state=exited
run_thread_state=finished
run_exit_code=0
os64 % r[K[1Dru[K[2Drun[K[3Drun [K[4Drun /[K[5Drun /b[K[6Drun /bi[K[7Drun /bin[K[8Drun /bin/[K[9Drun /bin/b[K[10Drun /bin/be[K[11Drun /bin/ben[K[12Drun /bin/benc[K[13Drun /bin/bench[K[14Drun /bin/bench_[K[15Drun /bin/bench_i[K[16Drun /bin/bench_ip[K[17Drun /bin/bench_ipc[K[18Drun /bin/bench_ipc [K[19Drun /bin/bench_ipc 3[K[20Drun /bin/bench_ipc 33[K[21Drun /bin/bench_ipc 335[K[22Drun /bin/bench_ipc 3355[K[23Drun /bin/bench_ipc 33554[K[24Drun /bin/bench_ipc 335544[K[25Drun /bin/bench_ipc 3355443[K[26Drun /bin/bench_ipc 33554432[K
run_path=/bin/bench_ipc
run_resolved_path=/bin/bench_ipc
run_inode=12
run_pid=455
run_tid=456
run_entry=0x00000000004000B0
run_stack_top=0x0000000000800000
run_segment_count=2
run_page_count=2
ipc bytes=33554432
ipc pipe_capacity=4096
ipc elapsed_ticks=26
ipc timer_hz=100
ipc context_switches=1154
ipc free_pages_before=31301
ipc free_pages_after=31301
ipc correctness=ok
run_return_flags=0x0000000000000000
run_process_state=exited
run_thread_state=finished
run_exit_code=0
os64 % r[K[1Dru[K[2Drun[K[3Drun [K[4Drun /[K[5Drun /b[K[6Drun /bi[K[7Drun /bin[K[8Drun /bin/[K[9Drun /bin/b[K[10Drun /bin/be[K[11Drun /bin/ben[K[12Drun /bin/benc[K[13Drun /bin/bench[K[14Drun /bin/bench_[K[15Drun /bin/bench_i[K[16Drun /bin/bench_ip[K[17Drun /bin/bench_ipc[K[18Drun /bin/bench_ipc [K[19Drun /bin/bench_ipc 3[K[20Drun /bin/bench_ipc 33[K[21Drun /bin/bench_ipc 335[K[22Drun /bin/bench_ipc 3355[K[23Drun /bin/bench_ipc 33554[K[24Drun /bin/bench_ipc 335544[K[25Drun /bin/bench_ipc 3355443[K[26Drun /bin/bench_ipc 33554432[K
run_path=/bin/bench_ipc
run_resolved_path=/bin/bench_ipc
run_inode=12
run_pid=457
run_tid=458
run_entry=0x00000000004000B0
run_stack_top=0x0000000000800000
run_segment_count=2
run_page_count=2
ipc bytes=33554432
ipc pipe_capacity=4096
ipc elapsed_ticks=30
ipc timer_hz=100
ipc context_switches=2124
ipc free_pages_before=31301
ipc free_pages_after=31301
ipc correctness=ok
run_return_flags=0x0000000000000000
run_process_state=exited
run_thread_state=finished
run_exit_code=0
os64 % r[K[1Dru[K[2Drun[K[3Drun [K[4Drun /[K[5Drun /b[K[6Drun /bi[K[7Drun /bin[K[8Drun /bin/[K[9Drun /bin/b[K[10Drun /bin/be[K[11Drun /bin/ben[K[12Drun /bin/benc[K[13Drun /bin/bench[K[14Drun /bin/bench_[K[15Drun /bin/bench_i[K[16Drun /bin/bench_ip[K[17Drun /bin/bench_ipc[K[18Drun /bin/bench_ipc [K[19Drun /bin/bench_ipc 3[K[20Drun /bin/bench_ipc 33[K[21Drun /bin/bench_ipc 335[K[22Drun /bin/bench_ipc 3355[K[23Drun /bin/bench_ipc 33554[K[24Drun /bin/bench_ipc 335544[K[25Drun /bin/bench_ipc 3355443[K[26Drun /bin/bench_ipc 33554432[K
run_path=/bin/bench_ipc
run_resolved_path=/bin/bench_ipc
run_inode=12
run_pid=459
run_tid=460
run_entry=0x00000000004000B0
run_stack_top=0x0000000000800000
run_segment_count=2
run_page_count=2
ipc bytes=33554432
ipc pipe_capacity=4096
ipc elapsed_ticks=27
ipc timer_hz=100
ipc context_switches=1312
ipc free_pages_before=31301
ipc free_pages_after=31301
ipc correctness=ok
run_return_flags=0x0000000000000000
run_process_state=exited
run_thread_state=finished
run_exit_code=0
os64 % s[K[1Dsm[K[2Dsmp[K
smp_online_cpus=2
smp_online_mask=3
cpu=0 apic_id=0 user_dispatches=70993 user_ticks=3031
cpu=1 apic_id=1 user_dispatches=69146 user_ticks=4159
os64 % 